,master_id
0,1854e56c-491f-11eb-806e-000d3a38a36f
1,d6ea1074-f1f5-11e9-9346-000d3a38a36f
2,4da5c2ba-403b-11ea-aa6b-000d3a38a36f
3,4fbb0cbe-9085-11ea-af25-000d3a38a36f
4,6ff327d4-b0e1-11e9-9757-000d3a38a36f
5,5e1830d8-9e24-11e9-9897-000d3a38a36f
6,1acf7870-87af-11ea-ace9-000d3a38a36f
7,3551e96c-5b40-11ea-8e0b-000d3a38a36f
8,80c89c7a-d6dd-11e9-93bc-000d3a38a36f
9,59fe5f5c-b1c2-11e9-89fa-000d3a38a36f
10,92a334ee-58f2-11eb-9e65-000d3a38a36f
11,5366d676-5403-11eb-9e65-000d3a38a36f
12,af94d3c0-b199-11e9-89fa-000d3a38a36f
13,56ddd00a-aff6-11e9-9757-000d3a38a36f
14,861090c6-a923-11e9-a2fc-000d3a38a36f
15,bd2305fe-6051-11ea-8dd8-000d3a38a36f
16,c9c3e8aa-9aa8-11ea-9fd8-000d3a38a36f
17,71976318-2aa0-11eb-b280-000d3a38a36f
18,8d58d24a-a792-11e9-a2fc-000d3a38a36f
19,d3fea560-aced-11ea-b736-000d3a38a36f
20,45efeeb0-5b2a-11ea-bae8-000d3a38a36f
21,46097e88-1cb5-11ea-a490-000d3a38a36f
22,5307c13a-f4e7-11e9-9346-000d3a38a36f
23,9613613c-c9d0-11ea-a31e-000d3a38a36f
24,ab52332e-a1af-11e9-a2fc-000d3a38a36f
25,a076af30-aacd-11e9-a2fc-000d3a38a36f
26,75aea3d4-a8fb-11ea-8479-000d3a38a36f
27,efa4b4f6-879c-11ea-ace9-000d3a38a36f
28,23151ace-1dfc-11eb-8d74-000d3a38a36f
29,332aca5c-ab94-11e9-a2fc-000d3a38a36f
30,14953d3e-2d80-11ea-9ae7-000d3a38a36f
31,44cb68d2-5eec-11ea-be5b-000d3a38a36f
32,0f63f6c0-a1bc-11e9-a2fc-000d3a38a36f
33,9273e2c2-1f6c-11ea-87bf-000d3a38a36f
34,2d01412c-d6e8-11e9-93bc-000d3a38a36f
35,ce48d558-22d4-11ea-8523-000d3a38a36f
36,0b67c74c-2b76-11ea-9d27-000d3a38a36f
37,77c4e132-ae52-11e9-a2fc-000d3a38a36f
38,cfdf1d42-9fac-11e9-a2fc-000d3a38a36f
39,a4659e1c-24d5-11ea-bf27-000d3a38a36f
40,cbcb985c-017c-11ea-a5e8-000d3a38a36f
41,fad3ef8a-a5d5-11e9-a2fc-000d3a38a36f
42,b919413a-6087-11eb-9b71-000d3a38a36f
43,202a42cc-a174-11e9-a2fc-000d3a38a36f
44,cb9e3528-ab8d-11e9-a2fc-000d3a38a36f
45,e10c7aac-d6f1-11e9-93bc-000d3a38a36f
46,25d7e164-a536-11e9-a2fc-000d3a38a36f
47,3d87336e-d62d-11e9-93bc-000d3a38a36f
48,8d7a3e5a-2a12-11ea-99b3-000d3a38a36f
49,72141e1e-9961-11eb-9c47-000d3a38a36f
50,ae9fa96c-5316-11ea-acd3-000d3a38a36f
51,899c2e5e-1320-11eb-8ffc-000d3a38a36f
52,8a6315c4-afca-11e9-9757-000d3a38a36f
53,9d3feb84-b1ed-11e9-89fa-000d3a38a36f
54,d4ec867c-a352-11e9-a2fc-000d3a38a36f
55,1cb79d74-a9f8-11e9-a2fc-000d3a38a36f
56,72858228-545e-11ea-b1db-000d3a38a36f
57,f6dbd7fc-b1cf-11e9-89fa-000d3a38a36f
58,c8246c22-115f-11ea-8872-000d3a38a36f
59,7b750fe2-5bcb-11ea-bfee-000d3a38a36f
60,6115b674-1fb7-11ea-87bf-000d3a38a36f
61,5338aa14-a9b7-11e9-a2fc-000d3a38a36f
62,4ddd07ec-d67e-11e9-93bc-000d3a38a36f
63,f8023258-cc1c-11ea-b305-000d3a38a36f
64,05ff5f30-a256-11e9-a2fc-000d3a38a36f
65,f3b43f18-532f-11ea-acd3-000d3a38a36f
66,f69debe2-a787-11e9-a2fc-000d3a38a36f
67,47df565c-a8f6-11e9-a2fc-000d3a38a36f
68,2bfe39f6-b11d-11e9-9757-000d3a38a36f
69,37e324ba-a499-11e9-a2fc-000d3a38a36f
70,912f6d8e-5bdd-11ea-ba71-000d3a38a36f
71,d44c519e-a5d1-11e9-a2fc-000d3a38a36f
72,c0d58f00-51b4-11eb-806e-000d3a38a36f
73,7cb1c37c-a169-11e9-a2fc-000d3a38a36f
74,d2aeb12c-d661-11e9-93bc-000d3a38a36f
75,0300717c-279c-11ea-aaaa-000d3a38a36f
76,6fb06a98-a8a8-11e9-a2fc-000d3a38a36f
77,a355c24c-ddc0-11e9-a848-000d3a38a36f
78,5d4fd4b8-af17-11e9-a2fc-000d3a38a36f
79,89096600-b151-11e9-9757-000d3a38a36f
80,6713434c-9808-11ea-9d91-000d3a38a36f
81,a92777c2-d683-11e9-93bc-000d3a38a36f
82,2caa8e06-2131-11eb-b361-000d3a38a36f
83,a007deb8-d0ef-11ea-8b59-000d3a38a36f
84,34cbdf2a-7e31-11ea-80af-000d3a38a36f
85,74987906-5bd6-11ea-b37c-000d3a38a36f
86,397a63e0-a6a8-11e9-a2fc-000d3a38a36f
87,b04158f4-4706-11ea-b6c0-000d3a38a36f
88,67ae927c-5b39-11ea-9426-000d3a38a36f
89,fc56d9ea-5bbe-11ea-b46d-000d3a38a36f
90,834b3dac-d517-11ea-8606-000d3a38a36f
91,ddd48480-267c-11ea-b9a0-000d3a38a36f
92,95a55e4c-d60d-11e9-93bc-000d3a38a36f
93,969122e0-ff2b-11e9-a5e8-000d3a38a36f
94,f44b07d8-9918-11eb-9c47-000d3a38a36f
95,7910f1b6-b1f9-11e9-89fa-000d3a38a36f
96,68892622-7e4c-11ea-80af-000d3a38a36f
97,415704a2-a968-11e9-a2fc-000d3a38a36f
98,3b03e130-3db3-11ea-9e19-000d3a38a36f
99,07cf8102-ae75-11e9-a2fc-000d3a38a36f
100,29ef573e-1f96-11ea-87bf-000d3a38a36f
101,1a52ac9a-28bf-11ea-b87a-000d3a38a36f
102,0ffb7b68-4279-11ea-8b43-000d3a38a36f
103,bcfd3bb4-45b5-11ea-a691-000d3a38a36f
104,4e56cff6-614b-11eb-add3-000d3a38a36f
105,1f49b750-6d21-11eb-99c4-000d3a38a36f
106,f618b1c0-a7d7-11e9-a2fc-000d3a38a36f
107,5c8b750a-97c4-11ea-9d91-000d3a38a36f
108,d9962944-23ae-11ea-8523-000d3a38a36f
109,2bc7574a-a931-11e9-a2fc-000d3a38a36f
110,1ba79718-559b-11eb-9e65-000d3a38a36f
111,640b9146-13d7-11ea-a001-000d3a38a36f
112,2e112ef0-2b9e-11ea-853d-000d3a38a36f
113,363daf9a-aa70-11e9-a2fc-000d3a38a36f
114,7f97c644-d6c1-11e9-93bc-000d3a38a36f
115,8dd5eaf2-f5af-11ea-a533-000d3a38a36f
116,f63e2f1e-fc22-11e9-a5e8-000d3a38a36f
117,93aac764-515d-11ea-99ba-000d3a38a36f
118,8c03fea2-43a3-11eb-806e-000d3a38a36f
119,db2c7944-9de3-11e9-9897-000d3a38a36f
120,4e08e5c4-a53c-11e9-a2fc-000d3a38a36f
121,a1d22144-215f-11ea-9618-000d3a38a36f
122,f96a9014-98b3-11ea-b97a-000d3a38a36f
123,f1b6167a-623c-11ea-9d1a-000d3a38a36f
124,f65f2ecc-5b3a-11ea-ab59-000d3a38a36f
125,9b412648-2111-11ea-b50a-000d3a38a36f
126,fd183864-122c-11ea-a001-000d3a38a36f
127,150e24d4-47dd-11ea-b6c0-000d3a38a36f
128,32a7af84-ac78-11e9-a2fc-000d3a38a36f
129,b0867a52-5beb-11ea-87a1-000d3a38a36f
130,6b6b76be-210a-11ea-b50a-000d3a38a36f
131,c7ca09a0-98d0-11ea-b97a-000d3a38a36f
132,ce023bbc-ac81-11e9-a2fc-000d3a38a36f
133,f69aac00-6241-11ea-9d1a-000d3a38a36f
134,cbc425dc-45eb-11ea-a691-000d3a38a36f
135,75fb1f46-59e2-11eb-9e65-000d3a38a36f
136,9b352790-9ee1-11eb-9c47-000d3a38a36f
137,2f29799e-1371-11eb-8ffc-000d3a38a36f
138,679d7596-2a1a-11ea-99b3-000d3a38a36f
139,28ba5f2e-2786-11ea-aaaa-000d3a38a36f
140,fdb42464-76bc-11ea-b23f-000d3a38a36f
141,135f95aa-45b7-11ea-a691-000d3a38a36f
142,f49d2c06-5b08-11ea-b2cb-000d3a38a36f
143,da807502-2a35-11ea-99b3-000d3a38a36f
144,29df9a7c-30ff-11ea-b884-000d3a38a36f
145,b953bab6-ff27-11ea-9792-000d3a38a36f
146,fa9cf472-63b1-11ea-a6dc-000d3a38a36f
147,720bf7f6-1aa6-11ea-98d5-000d3a38a36f
148,26d2beb4-90a7-11eb-bae6-000d3a38a36f
149,b006925a-3fbc-11eb-806e-000d3a38a36f
150,0aabbcf2-2494-11ea-bf27-000d3a38a36f
151,74a8d1b6-7d5f-11ea-80af-000d3a38a36f
152,d8efac7c-6652-11ea-82da-000d3a38a36f
153,3e725b46-94a5-11ea-85df-000d3a38a36f
154,a0912a94-1fb3-11ea-87bf-000d3a38a36f
155,14c7daca-5f3c-11eb-a0da-000d3a38a36f
156,a5b3123e-f142-11e9-9346-000d3a38a36f
157,7b67008c-5bd0-11ea-bf85-000d3a38a36f
158,c3e97256-9d32-11ea-a27a-000d3a38a36f
159,b8c49720-9b84-11ea-a27a-000d3a38a36f
160,687db174-7e8e-11ea-80af-000d3a38a36f
161,0747952e-af62-11e9-a2fc-000d3a38a36f
162,06548210-bd28-11ea-aa61-000d3a38a36f
163,451fcd3c-a565-11e9-a2fc-000d3a38a36f
164,85352c22-5b55-11ea-ae44-000d3a38a36f
165,d0935f18-1875-11ea-9213-000d3a38a36f
166,01794f62-b08d-11e9-9757-000d3a38a36f
167,30478470-5bb5-11ea-8269-000d3a38a36f
168,52c42222-502c-11ea-99ba-000d3a38a36f
169,052759d6-73f3-11ea-92d0-000d3a38a36f
170,8db159e6-1327-11ea-a001-000d3a38a36f
171,74df201c-a831-11e9-a2fc-000d3a38a36f
172,8e50cca6-1aed-11ea-98d5-000d3a38a36f
173,a14da03e-3007-11ea-bb28-000d3a38a36f
174,611a7084-9e56-11e9-9897-000d3a38a36f
175,2e8824c0-5028-11ea-99ba-000d3a38a36f
176,6ea3757a-5328-11ea-acd3-000d3a38a36f
177,fe24c342-5cc4-11eb-8dbd-000d3a38a36f
178,6c299b22-ab52-11e9-a2fc-000d3a38a36f
179,c34a3232-36f1-11eb-a48e-000d3a38a36f
180,547f1fb8-1e90-11ea-aa32-000d3a38a36f
181,6ab8388c-b1cb-11e9-89fa-000d3a38a36f
182,0caf637a-0c9a-11eb-8ffc-000d3a38a36f
183,b7ba79fe-212b-11ea-b50a-000d3a38a36f
184,150bd982-da49-11ea-a65b-000d3a38a36f
185,4dbcaa90-2c16-11ea-91ab-000d3a38a36f
186,d762d482-2495-11ea-bf27-000d3a38a36f
187,438ec68c-1ee9-11ea-81ff-000d3a38a36f
188,4271fdf8-a59a-11eb-b07f-000d3a299ebf
189,e1a4324c-7157-11ea-adca-000d3a38a36f
190,1797e7dc-84a3-11ea-80af-000d3a38a36f
191,2998a8c4-afef-11e9-9757-000d3a38a36f
192,222bfcee-d6af-11e9-93bc-000d3a38a36f
193,b339d1ba-a190-11e9-a2fc-000d3a38a36f
194,6ca17860-21d3-11eb-99f8-000d3a38a36f
195,95394c36-5b49-11ea-8e00-000d3a38a36f
196,c06999ac-4ac7-11ea-8533-000d3a38a36f
197,1f84b88e-1ae0-11eb-8d74-000d3a38a36f
198,205a9746-52e1-11ea-9ade-000d3a38a36f
199,e2156bd0-263b-11eb-8a9b-000d3a38a36f
200,a5153a82-a96c-11e9-a2fc-000d3a38a36f
201,4307ebf0-25e5-11ea-8e1c-000d3a38a36f
202,2a3a8c3c-4bc3-11ea-a626-000d3a38a36f
203,80ee9966-3fce-11ea-aa6b-000d3a38a36f
204,0dbae108-541d-11ea-b1db-000d3a38a36f
205,c86ded0c-5b92-11ea-abca-000d3a38a36f
206,545d08e8-ac1b-11e9-a2fc-000d3a38a36f
207,055b5810-2dd6-11eb-8062-000d3a299ebf
208,54f468d6-a8b1-11e9-a2fc-000d3a38a36f
209,e67459c6-c5c8-11ea-8698-000d3a38a36f
210,3f03a4ea-28ff-11eb-b7dd-000d3a38a36f
211,8ea69082-1e44-11ea-8bf2-000d3a38a36f
212,a18bfe92-2f30-11ea-8467-000d3a38a36f
213,cc47b840-d721-11e9-93bc-000d3a38a36f
214,4e332a7e-24d4-11ea-bf27-000d3a38a36f
215,467205a8-5bc5-11ea-abfe-000d3a38a36f
216,b96ab6e2-5b37-11ea-8840-000d3a38a36f
217,60be9a40-5448-11ea-b1db-000d3a38a36f
218,23870092-270a-11ea-aaaa-000d3a38a36f
219,54ab4dd6-2d99-11eb-8062-000d3a299ebf
220,a5bdcba2-5b3c-11ea-9931-000d3a38a36f
221,4b3f6bee-bbb9-11ea-a0c9-000d3a38a36f
222,4e07b2fe-131c-11eb-8ffc-000d3a38a36f
223,ff8cd532-544e-11ea-b1db-000d3a38a36f
224,3b69b702-49d0-11ea-8a4f-000d3a38a36f
225,a9bc8468-3fbd-11ea-aa6b-000d3a38a36f
226,2a82fe74-d673-11e9-93bc-000d3a38a36f
227,95546a28-ab5b-11e9-a2fc-000d3a38a36f
228,6770946c-8f0a-11eb-8cb8-000d3a38a36f
229,a553c766-f647-11e9-841e-000d3a38a36f
230,1259438c-5be1-11ea-94bb-000d3a38a36f
231,0376d722-1153-11ea-8872-000d3a38a36f
232,4da90b12-27d3-11ea-aaaa-000d3a38a36f
233,e4e29406-1b00-11ea-98d5-000d3a38a36f
234,5f4ace46-ad12-11e9-a2fc-000d3a38a36f
235,9d6afa7e-1217-11ea-a001-000d3a38a36f
236,07b05898-db08-11ea-a65b-000d3a38a36f
237,27a76fac-8526-11ea-80af-000d3a38a36f
238,f7b74674-f73f-11e9-841e-000d3a38a36f
239,ff7a3420-1d55-11ea-a490-000d3a38a36f
240,fa047cf8-fa41-11e9-b138-000d3a38a36f
241,a1e8cde8-bb1b-11eb-a757-000d3a38a36f
242,adfb1750-d8f2-11ea-a65b-000d3a38a36f
243,b8eac8ee-4aa5-11ea-8533-000d3a38a36f
244,f5da682a-5bf0-11ea-a276-000d3a38a36f
245,b75f9d52-ab53-11e9-a2fc-000d3a38a36f
246,da25f670-dd5b-11ea-9c1f-000d3a38a36f
247,d49f6910-15ed-11ea-aa74-000d3a38a36f
248,3a285f00-f4f4-11e9-9346-000d3a38a36f
249,0b27d99c-9df0-11ea-80cd-000d3a38a36f
250,38985080-9d6c-11e9-9897-000d3a38a36f
251,99f1c78e-a83d-11eb-a6d3-000d3a299ebf
252,1c940174-bec5-11ea-958c-000d3a38a36f
253,cd18ed28-7ee9-11ea-80af-000d3a38a36f
254,920a0224-d621-11e9-93bc-000d3a38a36f
255,d2ca86a2-5b33-11ea-9f51-000d3a38a36f
256,9014b9cc-4f4e-11ea-99ba-000d3a38a36f
257,6618f42e-2e7a-11eb-8062-000d3a299ebf
258,e3282e22-a414-11e9-a2fc-000d3a38a36f
259,738a9978-a7c1-11e9-a2fc-000d3a38a36f
260,91212c22-ad43-11e9-a2fc-000d3a38a36f
261,189eea8a-ac8c-11e9-a2fc-000d3a38a36f
262,36deba9e-d675-11e9-93bc-000d3a38a36f
263,bc7b264a-f292-11e9-9346-000d3a38a36f
264,e2423770-def4-11ea-9c1f-000d3a38a36f
265,66f0e752-a105-11e9-a2fc-000d3a38a36f
266,b3e7c2c4-ae23-11eb-8f64-000d3a299ebf
267,c68ad3da-5442-11ea-b1db-000d3a38a36f
268,9660c0c6-4f00-11ea-99ba-000d3a38a36f
269,33bd3272-aa7a-11e9-a2fc-000d3a38a36f
270,32e3d168-af32-11ea-b736-000d3a38a36f
271,f2706340-6a0b-11eb-b5d7-000d3a38a36f
272,3aeeefae-a444-11e9-a2fc-000d3a38a36f
273,55a3e462-a740-11ea-bd63-000d3a38a36f
274,2c976fe0-a81c-11e9-a2fc-000d3a38a36f
275,713f9c9e-4f33-11ea-99ba-000d3a38a36f
276,67fc9f46-5b37-11ea-ad99-000d3a38a36f
277,8e170550-55db-11eb-9e65-000d3a38a36f
278,dc8b9770-49af-11ea-8a4f-000d3a38a36f
279,21efb26e-5bb8-11ea-8172-000d3a38a36f
280,15ef5c30-618a-11ea-8dd8-000d3a38a36f
281,5cfba532-29d3-11ea-87cc-000d3a38a36f
282,c8ecc4ce-b214-11e9-89fa-000d3a38a36f
283,e4b38c02-f133-11e9-9346-000d3a38a36f
284,99051f3a-abe7-11eb-8f64-000d3a299ebf
285,b62e31f8-a510-11e9-a2fc-000d3a38a36f
286,456ac9fa-567f-11eb-9e65-000d3a38a36f
287,41214a1c-6f71-11eb-bdb8-000d3a38a36f
288,59b17120-2d68-11ea-827e-000d3a38a36f
289,bcaf729e-5bae-11ea-ad19-000d3a38a36f
290,af7bb65c-24c9-11eb-86c1-000d3a38a36f
291,e4219f20-c024-11ea-9c44-000d3a38a36f
292,76d01f4c-9963-11ea-b97a-000d3a38a36f
293,bfc0d056-d0c3-11ea-8b59-000d3a38a36f
294,fd85b4fa-aa00-11e9-a2fc-000d3a38a36f
295,49942220-190c-11eb-8d74-000d3a38a36f
296,85847168-edf2-11e9-9346-000d3a38a36f
297,d6927602-526c-11ea-956d-000d3a38a36f
298,c2872bf6-6349-11ea-a6dc-000d3a38a36f
299,229bb67e-5b39-11ea-87a7-000d3a38a36f
300,a00fb874-7516-11eb-afbc-000d3a38a36f
301,76947f56-2e96-11ea-bfbd-000d3a38a36f
302,d18a3d00-a7b0-11e9-a2fc-000d3a38a36f
303,806da518-a1cc-11e9-a2fc-000d3a38a36f
304,345bdfba-a8e2-11e9-a2fc-000d3a38a36f
305,cc69a896-a45a-11e9-a2fc-000d3a38a36f
306,e8ecddd2-bc67-11ea-aa61-000d3a38a36f
307,d581ff1e-8635-11eb-a98a-000d3a38a36f
308,ae7adc66-a878-11e9-a2fc-000d3a38a36f
309,e0ba888a-d7de-11e9-93bc-000d3a38a36f
310,6da7447c-ace2-11e9-a2fc-000d3a38a36f
311,8e775c96-ad50-11e9-a2fc-000d3a38a36f
312,4321c57c-b1c1-11e9-89fa-000d3a38a36f
313,d1cc576a-e5c4-11e9-ad00-000d3a38a36f
314,c72fcc38-2e6b-11eb-8062-000d3a299ebf
315,38f0dd14-a590-11e9-a2fc-000d3a38a36f
316,5fca4bd4-e0ac-11ea-b5cd-000d3a38a36f
317,927df6aa-f121-11e9-9346-000d3a38a36f
318,786bf5d8-2226-11ea-8523-000d3a38a36f
319,df62786c-462e-11ea-b6c0-000d3a38a36f
320,5c85e680-b0e8-11e9-9757-000d3a38a36f
321,96e0f530-2cc6-11eb-b280-000d3a38a36f
322,8e5ca6f2-a423-11e9-a2fc-000d3a38a36f
323,b253c4e2-69f1-11eb-b5d7-000d3a38a36f
324,bd4fba1c-d6b4-11e9-93bc-000d3a38a36f
325,d6b2ade0-7891-11eb-adc1-000d3a38a36f
326,02ae2d70-53e0-11ea-94d4-000d3a38a36f
327,1cebc5c8-ab78-11e9-a2fc-000d3a38a36f
328,8e4d84f8-47c8-11ea-b6c0-000d3a38a36f
329,532aeed6-f8a6-11e9-b138-000d3a38a36f
330,1a405b4c-a950-11e9-a2fc-000d3a38a36f
331,7ed25e5e-894f-11ea-9c02-000d3a38a36f
332,7ee9fab2-6ba5-11eb-b5d7-000d3a38a36f
333,1b43d724-aa60-11e9-a2fc-000d3a38a36f
334,0ca16b6c-5b06-11ea-8392-000d3a38a36f
335,5af84d16-9e15-11e9-9897-000d3a38a36f
336,cfe50534-02ef-11eb-9c30-000d3a38a36f
337,f24b072c-b174-11e9-89fa-000d3a38a36f
338,1546c37a-5b10-11ea-b248-000d3a38a36f
339,0f050bfc-8c9d-11ea-8f41-000d3a38a36f
340,95eb4e60-a8f5-11e9-a2fc-000d3a38a36f
341,a4c6effc-9ee0-11ea-80cd-000d3a38a36f
342,1174bb82-3fce-11eb-806e-000d3a38a36f
343,eb6284c0-a7fc-11e9-a2fc-000d3a38a36f
344,13464424-5cbd-11eb-8dbd-000d3a38a36f
345,fea50462-d6ab-11e9-93bc-000d3a38a36f
346,5e5cb020-2da0-11eb-8062-000d3a299ebf
347,d18faece-18ef-11ea-9213-000d3a38a36f
348,9b060f7c-aed9-11e9-a2fc-000d3a38a36f
349,2988594a-afba-11e9-9757-000d3a38a36f
350,b0bb4474-51ca-11ea-a243-000d3a38a36f
351,04a55a82-5b05-11ea-8002-000d3a38a36f
352,9c139538-18fb-11ea-9213-000d3a38a36f
353,870b6044-9c54-11ea-a27a-000d3a38a36f
354,67897f2a-262b-11ea-8e1c-000d3a38a36f
355,b95d210e-b1fe-11e9-89fa-000d3a38a36f
356,a6a9ae8a-6e39-11eb-99c4-000d3a38a36f
357,99e5fb78-a0d5-11e9-a2fc-000d3a38a36f
358,69195a92-2be2-11ea-91ab-000d3a38a36f
359,75b0ff2a-5bef-11ea-b836-000d3a38a36f
360,e79f8dba-d6ff-11e9-93bc-000d3a38a36f
361,3530928a-1f13-11ea-87bf-000d3a38a36f
362,356481c8-907b-11eb-bae6-000d3a38a36f
363,a2a4702a-1b80-11ea-ac4f-000d3a38a36f
364,4ae93d56-2c61-11ea-b752-000d3a38a36f
365,ad1e8fba-a487-11e9-a2fc-000d3a38a36f
366,96baa854-ade6-11e9-a2fc-000d3a38a36f
367,7a50ae9a-1248-11ea-a001-000d3a38a36f
368,19188342-d7ea-11ea-aee7-000d3a38a36f
369,8c3f3318-afe4-11e9-9757-000d3a38a36f
370,340fee28-ab46-11e9-a2fc-000d3a38a36f
371,fd0cea4a-b01b-11e9-9757-000d3a38a36f
372,55b5fe84-c821-11ea-a167-000d3a38a36f
373,e26af702-51b1-11eb-806e-000d3a38a36f
374,839490ea-5bac-11ea-aa7a-000d3a38a36f
375,5f9b4750-d61f-11e9-93bc-000d3a38a36f
376,8e363296-1a3a-11ea-941b-000d3a38a36f
377,cc3b39c6-5bc4-11ea-95d2-000d3a38a36f
378,24b43e60-a89f-11e9-a2fc-000d3a38a36f
379,62b8c510-73f9-11eb-b35d-000d3a38a36f
380,e26c4e0e-d7af-11e9-93bc-000d3a38a36f
381,f6991710-46b5-11eb-806e-000d3a38a36f
382,50be644a-b146-11e9-9757-000d3a38a36f
383,e088b5a0-5bbc-11ea-8d88-000d3a38a36f
384,7a670534-5b93-11ea-80f9-000d3a38a36f
385,331d6856-af2e-11e9-a2fc-000d3a38a36f
386,8d83f104-d60a-11e9-93bc-000d3a38a36f
387,2e0a8b22-399a-11ea-85d6-000d3a38a36f
388,e12ee6a0-bbbb-11ea-a0c9-000d3a38a36f
389,0d371530-ac11-11e9-a2fc-000d3a38a36f
390,13a2460a-3faa-11eb-806e-000d3a38a36f
391,64354114-b3da-11ea-8745-000d3a38a36f
392,882bd402-fb0c-11e9-b138-000d3a38a36f
393,22c5adc2-e779-11ea-8f44-000d3a38a36f
394,da2cb4d8-1ed4-11ea-81ff-000d3a38a36f
395,d0501b12-fb02-11e9-b138-000d3a38a36f
396,cf9b95f0-abbd-11e9-a2fc-000d3a38a36f
397,b74d8df8-5b28-11ea-834f-000d3a38a36f
398,698a1480-ac58-11e9-a2fc-000d3a38a36f
399,5314d834-2156-11ea-9618-000d3a38a36f
400,e2294c0c-d1ba-11ea-b0fc-000d3a38a36f
401,7865bab0-be3e-11ea-aa61-000d3a38a36f
402,b24fa7c0-f135-11ea-bde9-000d3a38a36f
403,5a8ba4da-adde-11e9-a2fc-000d3a38a36f
404,c7eda998-a513-11e9-a2fc-000d3a38a36f
405,a4b6cfea-1f83-11eb-b272-000d3a38a36f
406,a2383c34-ab19-11e9-a2fc-000d3a38a36f
407,aee6ddc0-d249-11ea-8aab-000d3a38a36f
408,83625d54-120b-11ea-916f-000d3a38a36f
409,3b697668-d714-11e9-93bc-000d3a38a36f
410,8bdf7e46-44fe-11ea-acaf-000d3a38a36f
411,d3e7d77e-495e-11ea-8a4f-000d3a38a36f
412,47a43772-43fe-11ea-8b43-000d3a38a36f
413,a438a406-a4de-11e9-a2fc-000d3a38a36f
414,3ad92b8e-5b3b-11ea-8e25-000d3a38a36f
415,feb5f5de-7088-11ea-8369-000d3a38a36f
416,3334eafc-f8ae-11e9-b138-000d3a38a36f
417,d5523efe-269c-11ea-b9a0-000d3a38a36f
418,3ebc7fc6-2d9f-11eb-8062-000d3a299ebf
419,bf7db658-5418-11eb-9e65-000d3a38a36f
420,ad983078-9b25-11ea-a27a-000d3a38a36f
421,4a2c26de-26bd-11ea-aaaa-000d3a38a36f
422,75e03310-b11a-11e9-9757-000d3a38a36f
423,bf714d6a-c795-11ea-b753-000d3a38a36f
424,868e3746-7f61-11ea-80af-000d3a38a36f
425,1d17505c-15eb-11ea-aa74-000d3a38a36f
426,7c7addd8-b254-11ea-b736-000d3a38a36f
427,1e331f50-5be8-11ea-a869-000d3a38a36f
428,14ce2424-5692-11ea-b9b9-000d3a38a36f
429,bee5414c-aff1-11e9-9757-000d3a38a36f
430,a1b5f600-ee05-11e9-9346-000d3a38a36f
431,56d9a48a-5b09-11ea-9828-000d3a38a36f
432,4aaa488c-ddd1-11e9-a848-000d3a38a36f
433,a4d0681e-a14a-11e9-a2fc-000d3a38a36f
434,5f4f4984-adef-11e9-a2fc-000d3a38a36f
435,bffe9d22-7363-11ea-92d0-000d3a38a36f
436,68426816-43e8-11ea-8b43-000d3a38a36f
437,4247c602-d6a5-11e9-93bc-000d3a38a36f
438,b308f8e0-ed27-11ea-9369-000d3a38a36f
439,449cdfe8-d422-11ea-9838-000d3a38a36f
440,0754e39e-5eb4-11ea-be5b-000d3a38a36f
441,bf32a70c-6d24-11ea-84a8-000d3a38a36f
442,aca0f0b2-6ced-11ea-b576-000d3a38a36f
443,11eef700-e1ef-11e9-957d-000d3a38a36f
444,40eec926-39b1-11ea-85d6-000d3a38a36f
445,d8a76050-a269-11e9-a2fc-000d3a38a36f
446,5a26f192-a85d-11e9-a2fc-000d3a38a36f
447,0b69b974-e487-11ea-b769-000d3a38a36f
448,607d9f00-b177-11e9-89fa-000d3a38a36f
449,6cbc2738-736d-11ea-92d0-000d3a38a36f
450,395c0ede-a560-11e9-a2fc-000d3a38a36f
451,a5c024aa-0b96-11eb-8ffc-000d3a38a36f
452,89050dcc-dd69-11ea-9c1f-000d3a38a36f
453,f8613d0c-4921-11eb-806e-000d3a38a36f
454,3c1454e8-ac44-11e9-a2fc-000d3a38a36f
455,42cf9314-9d31-11e9-9897-000d3a38a36f
456,9480650e-a23a-11e9-a2fc-000d3a38a36f
457,5549de46-61bc-11ea-8dd8-000d3a38a36f
458,18c6363a-734c-11ea-92d0-000d3a38a36f
459,8f3cb782-9d07-11ea-a27a-000d3a38a36f
460,a957f50c-7109-11ea-ad37-000d3a38a36f
461,7843446e-4619-11ea-a691-000d3a38a36f
462,daae9dfe-1e8e-11ea-aa32-000d3a38a36f
463,3f0dfccc-24f1-11eb-86c1-000d3a38a36f
464,58187716-2258-11ea-8523-000d3a38a36f
465,38d63902-e0ac-11ea-b5cd-000d3a38a36f
466,b11a1306-5bd8-11ea-94c6-000d3a38a36f
467,337bce50-a67c-11ea-bd63-000d3a38a36f
468,146558ea-9e7d-11e9-9897-000d3a38a36f
469,df92ce38-2b9c-11ea-853d-000d3a38a36f
470,5054a94e-1db9-11ea-8bf2-000d3a38a36f
471,2297f6c2-34e3-11eb-9a15-000d3a38a36f
472,a1f1393e-5bc6-11ea-9213-000d3a38a36f
473,f40905aa-5bb0-11ea-b5d5-000d3a38a36f
474,83d607a6-e0fe-11e9-957d-000d3a38a36f
475,31779afa-0094-11ea-a5e8-000d3a38a36f
476,f11c0a16-6d28-11ea-84a8-000d3a38a36f
477,7591ad1c-a495-11e9-a2fc-000d3a38a36f
478,db916ec4-ccd3-11ea-b1a6-000d3a38a36f
479,99f1b3c8-8e32-11ea-8f41-000d3a38a36f
480,7b34af80-b04d-11e9-9757-000d3a38a36f
481,4172ddf8-2307-11ea-8523-000d3a38a36f
482,8eaa232c-5ec8-11ea-be5b-000d3a38a36f
483,17dd89f0-713d-11ea-adca-000d3a38a36f
484,0c16314e-a870-11e9-a2fc-000d3a38a36f
485,ec41aef4-aeb7-11e9-a2fc-000d3a38a36f
486,79dde952-ad2e-11e9-a2fc-000d3a38a36f
487,280f3802-a74c-11e9-a2fc-000d3a38a36f
488,2a9a0fd0-4430-11ea-8b43-000d3a38a36f
489,1eaa3906-5417-11ea-b1db-000d3a38a36f
490,97599446-a378-11e9-a2fc-000d3a38a36f
491,ca4d309c-5435-11ea-b1db-000d3a38a36f
492,8f8a7c6e-b3ce-11ea-8745-000d3a38a36f
493,0da31b56-5e7f-11ea-be5b-000d3a38a36f
494,a687b7cc-3a49-11eb-a48e-000d3a38a36f
495,43ba7d24-26bc-11ea-aaaa-000d3a38a36f
496,1d3aa8de-e12b-11ea-b5cd-000d3a38a36f
497,4d8341d0-680e-11eb-b5d7-000d3a38a36f
498,e3c8a7e8-a447-11e9-a2fc-000d3a38a36f
499,b7ca2fdc-53af-11ea-abe0-000d3a38a36f
500,be17ed38-9d7f-11ea-9bf4-000d3a38a36f
501,971352dc-52ec-11ea-9ade-000d3a38a36f
502,f2d0e5fe-a701-11e9-a2fc-000d3a38a36f
503,d96bfadc-b218-11e9-b5cf-000d3a38a36f
504,633b2996-980e-11ea-9d91-000d3a38a36f
505,7ab76d82-619e-11eb-add3-000d3a38a36f
506,d56ab76e-61f6-11ea-8dd8-000d3a38a36f
507,7100c93a-1f84-11ea-87bf-000d3a38a36f
508,d7388130-48e0-11eb-806e-000d3a38a36f
509,128991b4-5316-11ea-acd3-000d3a38a36f
510,1b75ef42-484f-11ea-b6c0-000d3a38a36f
511,5d4f00da-a1fa-11e9-a2fc-000d3a38a36f
512,0a230598-5b3e-11ea-8602-000d3a38a36f
513,f697db80-1f50-11ea-87bf-000d3a38a36f
514,5726f4c0-b3dc-11ea-a71c-000d3a38a36f
515,263ac93e-d65d-11e9-93bc-000d3a38a36f
516,ff6aebe6-e5ab-11e9-ad00-000d3a38a36f
517,b8fbcb5e-ae0f-11e9-a2fc-000d3a38a36f
518,a612dc56-e1ec-11e9-957d-000d3a38a36f
519,5ddd74bc-a418-11e9-a2fc-000d3a38a36f
520,b472ed9c-237a-11eb-99f8-000d3a38a36f
521,082a559c-1b02-11ea-98d5-000d3a38a36f
522,9967ed30-9505-11ea-85df-000d3a38a36f
523,2a1f1214-492e-11ea-bf43-000d3a38a36f
524,ebe182be-4f74-11ea-99ba-000d3a38a36f
525,fe95f800-7133-11ea-adca-000d3a38a36f
526,3c68119e-5439-11ea-b1db-000d3a38a36f
527,1d6248e0-44da-11eb-806e-000d3a38a36f
528,82badfc6-710f-11ea-ad37-000d3a38a36f
529,56455608-5b96-11ea-bccf-000d3a38a36f
530,01025f80-1193-11ea-846f-000d3a38a36f
531,a0207af2-63d2-11ea-a6dc-000d3a38a36f
532,542af5f0-4c5c-11eb-806e-000d3a38a36f
533,8ca9543a-4e7e-11ea-99ba-000d3a38a36f
534,44e68c42-a822-11e9-a2fc-000d3a38a36f
535,535dc662-75b0-11ea-b23f-000d3a38a36f
536,3b5d82f2-aa3d-11ea-b736-000d3a38a36f
537,f2094ae8-ae5f-11e9-a2fc-000d3a38a36f
538,f312c92c-275a-11ea-aaaa-000d3a38a36f
539,7d8897f4-f8a7-11e9-b138-000d3a38a36f
540,3859937a-ab7e-11e9-a2fc-000d3a38a36f
541,076dbc0c-f35c-11e9-9346-000d3a38a36f
542,b3a0034c-aa20-11ea-b736-000d3a38a36f
543,9c80d2a2-a122-11e9-a2fc-000d3a38a36f
544,329def8e-ab9d-11e9-a2fc-000d3a38a36f
545,651e4d46-22a7-11eb-99f8-000d3a38a36f
546,8884c4ba-8506-11eb-bceb-000d3a38a36f
547,47d3b212-7361-11ea-92d0-000d3a38a36f
548,3a3af74e-2b65-11ea-9d27-000d3a38a36f
549,4887058c-d62d-11e9-93bc-000d3a38a36f
550,bd51dc46-a510-11e9-a2fc-000d3a38a36f
551,cdeaa746-31a0-11ea-9c9f-000d3a38a36f
552,24245f18-5652-11eb-9e65-000d3a38a36f
553,f6efa218-867d-11ea-be76-000d3a38a36f
554,fee87b74-ab8c-11e9-a2fc-000d3a38a36f
555,f1b16d82-b0c1-11e9-9757-000d3a38a36f
556,1ccc7bfe-2216-11ea-ba6f-000d3a38a36f
557,bd156034-ae4a-11e9-a2fc-000d3a38a36f
558,a8595122-af6d-11e9-a2fc-000d3a38a36f
559,c9f79a46-3a0e-11eb-a48e-000d3a38a36f
560,ac3ea568-23a2-11ea-8523-000d3a38a36f
561,88cff9e4-a763-11e9-a2fc-000d3a38a36f
562,65bb069e-21d2-11ea-9618-000d3a38a36f
563,a17545ea-bc60-11ea-aa61-000d3a38a36f
564,5ee23224-ad83-11ea-b736-000d3a38a36f
565,384cc1fe-fe44-11e9-a5e8-000d3a38a36f
566,21aac2ee-544c-11ea-b1db-000d3a38a36f
567,38c2c96e-adc9-11ea-b736-000d3a38a36f
568,2e292f90-1d0d-11ea-a490-000d3a38a36f
569,207a6352-a5dd-11e9-a2fc-000d3a38a36f
570,67fc1c74-13ca-11ea-a001-000d3a38a36f
571,280962e2-abe8-11e9-a2fc-000d3a38a36f
572,813547ac-296c-11eb-b280-000d3a38a36f
573,36e5d3f0-2bfd-11ea-91ab-000d3a38a36f
574,d361a53a-19e9-11eb-8d74-000d3a38a36f
575,797d6294-876c-11ea-ace9-000d3a38a36f
576,ae34099c-1dc3-11ea-8bf2-000d3a38a36f
577,353d4194-ede8-11e9-88c1-000d3a38a36f
578,5b717c18-a3b5-11e9-a2fc-000d3a38a36f
579,ed012f88-afb4-11e9-9757-000d3a38a36f
580,612afa3c-6479-11ea-a507-000d3a38a36f
581,9c654010-ab5d-11e9-a2fc-000d3a38a36f
582,20f75ad0-1a98-11ea-98d5-000d3a38a36f
583,4899ae68-52f0-11ea-9ade-000d3a38a36f
584,1c2afc22-ae5b-11e9-a2fc-000d3a38a36f
585,b5c51882-9e7e-11e9-9897-000d3a38a36f
586,21b123e6-5bb8-11ea-93fe-000d3a38a36f
587,f9b6c764-a290-11e9-a2fc-000d3a38a36f
588,f49bb53c-8804-11ea-ace9-000d3a38a36f
589,c3881962-31ab-11eb-81a1-000d3a38a36f
590,04f517b0-a4e5-11e9-a2fc-000d3a38a36f
591,181fc774-abb4-11e9-a2fc-000d3a38a36f
592,412b8fae-5316-11ea-acd3-000d3a38a36f
593,752726b6-a1b3-11e9-a2fc-000d3a38a36f
594,aff25e70-a106-11ea-9d0a-000d3a38a36f
595,f8c998d8-9909-11eb-9c47-000d3a38a36f
596,74baff56-52fa-11ea-9ade-000d3a38a36f
597,73b12a38-49e2-11eb-806e-000d3a38a36f
598,ebbd650e-ab97-11e9-a2fc-000d3a38a36f
599,9c353550-d573-11ea-8606-000d3a38a36f
600,ae00c680-a94d-11e9-a2fc-000d3a38a36f
601,7b2d5bfc-183c-11ea-9213-000d3a38a36f
602,13485f12-abc3-11ea-b736-000d3a38a36f
603,7c303b82-4c58-11ea-a626-000d3a38a36f
604,0768a930-ad46-11e9-a2fc-000d3a38a36f
605,66aca5b2-6160-11ea-8dd8-000d3a38a36f
606,5b238ee6-2bef-11ea-91ab-000d3a38a36f
607,44a7e2f0-9b1d-11ea-a27a-000d3a38a36f
608,ed21543c-1379-11eb-8ffc-000d3a38a36f
609,6513b3b8-5318-11ea-acd3-000d3a38a36f
610,93034742-21e6-11ea-9618-000d3a38a36f
611,1f88ace0-a779-11e9-a2fc-000d3a38a36f
612,e3827e76-bc5b-11ea-aa61-000d3a38a36f
613,413ab3d6-b1bc-11e9-89fa-000d3a38a36f
614,a4c17f5e-12fe-11ea-a001-000d3a38a36f
615,3dc46c48-b035-11e9-9757-000d3a38a36f
616,7761d014-e539-11ea-b769-000d3a38a36f
617,a680a05a-ab4c-11e9-a2fc-000d3a38a36f
618,d90e465e-7868-11eb-b011-000d3a38a36f
619,6da3090c-5426-11ea-b1db-000d3a38a36f
620,d92c7228-8772-11eb-9606-000d3a38a36f
621,2decfb82-1f4d-11ea-87bf-000d3a38a36f
622,ca00a580-8d22-11ea-8f41-000d3a38a36f
623,85068bf0-2c17-11ea-91ab-000d3a38a36f
624,17739e6e-f289-11ea-9011-000d3a38a36f
625,b68167fa-ab60-11e9-a2fc-000d3a38a36f
626,81dbdff2-a4a4-11e9-a2fc-000d3a38a36f
627,671194a6-62d5-11ea-9861-000d3a38a36f
628,3812050c-53fa-11eb-9e65-000d3a38a36f
629,94be57ce-ade8-11e9-a2fc-000d3a38a36f
630,ad81d316-a74a-11e9-a2fc-000d3a38a36f
631,545c5724-5b50-11ea-a647-000d3a38a36f
632,13a0117a-5bc9-11ea-9114-000d3a38a36f
633,86ba40c2-4355-11ea-8b43-000d3a38a36f
634,3492a686-5bb4-11eb-8dbd-000d3a38a36f
635,1357b978-112f-11ea-8872-000d3a38a36f
636,b3edfb0a-2227-11ea-8523-000d3a38a36f
637,b223f4c4-13bc-11ea-a001-000d3a38a36f
638,e4372b66-5bb0-11ea-b96f-000d3a38a36f
639,dfc476a0-9757-11ea-a9c8-000d3a38a36f
640,f995fb2e-1373-11eb-8ffc-000d3a38a36f
641,11419eb0-2c5f-11ea-b752-000d3a38a36f
642,d795ee04-b121-11e9-9757-000d3a38a36f
643,81355b96-98f5-11ea-b97a-000d3a38a36f
644,c8b9be2c-d6b7-11e9-93bc-000d3a38a36f
645,80217efa-a3ba-11e9-a2fc-000d3a38a36f
646,bc9a4ac8-5b53-11ea-8876-000d3a38a36f
647,e80138d2-a570-11e9-a2fc-000d3a38a36f
648,980efd04-5bce-11ea-9abb-000d3a38a36f
649,54652e64-a0eb-11e9-a2fc-000d3a38a36f
650,74df165e-38db-11ea-85d6-000d3a38a36f
651,65781176-52f2-11ea-9ade-000d3a38a36f
652,d1fe6894-a582-11ea-bd63-000d3a38a36f
653,abdb15de-5b1e-11eb-8dbd-000d3a38a36f
654,e2e844cc-7099-11ea-8021-000d3a38a36f
655,955b2dc2-97eb-11ea-9d91-000d3a38a36f
656,afab5f3a-2478-11ea-a30f-000d3a38a36f
657,1c7c1e70-5a55-11eb-9e65-000d3a38a36f
658,63b4ef18-b058-11e9-9757-000d3a38a36f
659,a85989ea-ddc0-11e9-a848-000d3a38a36f
660,45f161c0-62cb-11ea-9861-000d3a38a36f
661,238ed0bc-4b7a-11ea-a626-000d3a38a36f
662,5f26a95a-5431-11ea-b1db-000d3a38a36f
663,c69a6690-bc59-11ea-aa61-000d3a38a36f
664,2bfd088c-22e3-11ea-8523-000d3a38a36f
665,4abb75a0-660e-11eb-add3-000d3a38a36f
666,ad8c0582-2b9a-11ea-853d-000d3a38a36f
667,f1fc41f6-6a09-11eb-b5d7-000d3a38a36f
668,de237d50-9a40-11ea-a274-000d3a38a36f
669,ddeeda62-38ea-11ea-85d6-000d3a38a36f
670,4a711e3a-f12d-11e9-9346-000d3a38a36f
671,068dff1e-a55e-11e9-a2fc-000d3a38a36f
672,b2aedbfa-1080-11ea-8ce6-000d3a38a36f
673,0018c6aa-ab6c-11e9-a2fc-000d3a38a36f
674,be03c010-ee07-11e9-9346-000d3a38a36f
675,80393b84-99b0-11ea-a274-000d3a38a36f
676,0e0edc56-1a2d-11ea-941b-000d3a38a36f
677,cb131298-a734-11e9-a2fc-000d3a38a36f
678,c65aa730-ab57-11e9-a2fc-000d3a38a36f
679,8bd258a8-987b-11ea-9d91-000d3a38a36f
680,39e2d340-d92e-11e9-93bc-000d3a38a36f
681,bb9dbb7e-707e-11ea-8369-000d3a38a36f
682,5a07efce-7056-11ea-b40c-000d3a38a36f
683,3031b986-c034-11ea-9c44-000d3a38a36f
684,9245bda6-a880-11e9-a2fc-000d3a38a36f
685,b4d4f454-28aa-11ea-b87a-000d3a38a36f
686,e0bdee38-ddc1-11e9-a848-000d3a38a36f
687,dd745a2e-5bb5-11ea-8b70-000d3a38a36f
688,16d389d4-a8dd-11e9-a2fc-000d3a38a36f
689,8d54cf34-1c17-11ea-ac4f-000d3a38a36f
690,965e18e4-e489-11e9-ad00-000d3a38a36f
691,7d6f495e-49db-11ea-8a4f-000d3a38a36f
692,1805b5ca-5b52-11ea-8770-000d3a38a36f
693,8007dd34-ddb6-11e9-9cd3-000d3a38a36f
694,74fe254c-a3be-11e9-a2fc-000d3a38a36f
695,2413f32a-3bc8-11eb-a48e-000d3a38a36f
696,bb3452fe-282d-11ea-a043-000d3a38a36f
697,bdc0373e-2667-11eb-8a9b-000d3a38a36f
698,a8e5de9e-4603-11ea-a691-000d3a38a36f
699,30c90036-5ba1-11ea-8e4f-000d3a38a36f
700,440ea4de-aa93-11ea-b736-000d3a38a36f
701,ab922bc0-cdad-11ea-b31f-000d3a38a36f
702,c6d8d0a6-5bbf-11ea-889c-000d3a38a36f
703,2996b9e4-444e-11ea-8b43-000d3a38a36f
704,0dd11f56-8d73-11ea-8f41-000d3a38a36f
705,1a23ccfc-5bc5-11ea-8b06-000d3a38a36f
706,b6b322d8-2f65-11eb-9c24-000d3a38a36f
707,d1a81948-49c1-11ea-8a4f-000d3a38a36f
708,3370fac8-b0a7-11e9-9757-000d3a38a36f
709,0dcbca78-97b5-11ea-9d91-000d3a38a36f
710,83338bf0-1242-11ea-a001-000d3a38a36f
711,7b9a7fc8-a395-11e9-a2fc-000d3a38a36f
712,3113ddac-1a49-11ea-941b-000d3a38a36f
713,a8fcb4c2-28e1-11eb-b7dd-000d3a38a36f
714,203e7c40-58c2-11eb-9e65-000d3a38a36f
715,611be712-a7b0-11e9-a2fc-000d3a38a36f
716,cacda436-2f6b-11eb-9c24-000d3a38a36f
717,0f71c798-7126-11ea-adca-000d3a38a36f
718,77a0a176-4359-11eb-806e-000d3a38a36f
719,44e17ce4-5bc1-11eb-8dbd-000d3a38a36f
720,8b30ff7e-b1ec-11e9-89fa-000d3a38a36f
721,017d86e2-5599-11eb-9e65-000d3a38a36f
722,b188fd0e-23c3-11ea-8523-000d3a38a36f
723,ee1d47ac-51d6-11ea-a243-000d3a38a36f
724,d47ab492-7fc6-11ea-80af-000d3a38a36f
725,9de867fe-c4e4-11ea-98f7-000d3a38a36f
726,afdf4a20-24aa-11ea-bf27-000d3a38a36f
727,8f7fdcd2-2017-11ea-87bf-000d3a38a36f
728,b110cae4-5bb0-11ea-ab5e-000d3a38a36f
729,06f1956c-aeda-11e9-a2fc-000d3a38a36f
730,67bfff2c-a198-11e9-a2fc-000d3a38a36f
731,81565fbc-a792-11e9-a2fc-000d3a38a36f
732,d49038da-5b4f-11ea-b504-000d3a38a36f
733,3c3decf4-2d08-11eb-8b78-000d3a38a36f
734,93b053f6-0e08-11eb-8ffc-000d3a38a36f
735,4add0618-2e99-11eb-a8d1-000d3a299ebf
736,34dabff8-5bcd-11ea-965a-000d3a38a36f
737,74e176ca-ffbe-11e9-a5e8-000d3a38a36f
738,af31d320-9de8-11e9-9897-000d3a38a36f
739,129bb522-9eb4-11e9-9897-000d3a38a36f
740,b24fc438-4f2f-11ea-99ba-000d3a38a36f
741,7d515d86-47c4-11ea-b6c0-000d3a38a36f
742,5d0678ca-3939-11ea-85d6-000d3a38a36f
743,03649f78-6ace-11eb-b5d7-000d3a38a36f
744,a050a58e-4207-11ea-96d9-000d3a38a36f
745,8cf14426-8546-11ea-80af-000d3a38a36f
746,e1854f14-713c-11ea-adca-000d3a38a36f
747,60e5a562-583a-11eb-9e65-000d3a38a36f
748,81ef8ec8-4d80-11ea-9655-000d3a38a36f
749,2b13b8e2-2227-11ea-8523-000d3a38a36f
750,9d9ae77a-4d9a-11ea-9655-000d3a38a36f
751,678c1bb0-a19a-11e9-a2fc-000d3a38a36f
752,35c07a08-907e-11ea-af25-000d3a38a36f
753,c5d3c79a-d6b0-11e9-93bc-000d3a38a36f
754,5a0b9e4e-984c-11ea-9d91-000d3a38a36f
755,2a2c7980-a9ed-11e9-a2fc-000d3a38a36f
756,3cccd976-a8e5-11e9-a2fc-000d3a38a36f
757,42b92336-52f8-11ea-9ade-000d3a38a36f
758,9ba3f154-5b0b-11ea-b815-000d3a38a36f
759,3cb0fb60-22d5-11ea-8523-000d3a38a36f
760,c6f29268-2c29-11ea-b752-000d3a38a36f
761,4e8edada-ddcc-11e9-a848-000d3a38a36f
762,230539da-9f7f-11e9-a2fc-000d3a38a36f
763,f7457b20-94ba-11ea-85df-000d3a38a36f
764,8019a364-6517-11ea-bac7-000d3a38a36f
765,8d7d14a0-bbb6-11ea-a0c9-000d3a38a36f
766,96b2fdec-670f-11ea-9d38-000d3a38a36f
767,f5d24d5a-61d3-11ea-8dd8-000d3a38a36f
768,f9a551e4-a0d5-11e9-a2fc-000d3a38a36f
769,013a12e0-606c-11ea-8dd8-000d3a38a36f
770,af1c6fb6-fa64-11e9-b138-000d3a38a36f
771,aff4b22e-a7be-11ea-bd63-000d3a38a36f
772,d8052fa2-9ec6-11e9-9897-000d3a38a36f
773,580e741c-28ef-11ea-b87a-000d3a38a36f
774,eb319c72-a408-11e9-a2fc-000d3a38a36f
775,b7a39f54-49ee-11ea-b0b1-000d3a38a36f
776,88b0613a-33ec-11eb-9a15-000d3a38a36f
777,0b640f60-1c87-11ea-a490-000d3a38a36f
778,3d1ec178-d6c1-11e9-93bc-000d3a38a36f
779,3e2ce50c-61e7-11ea-8dd8-000d3a38a36f
780,aab34774-5338-11ea-acd3-000d3a38a36f
781,50564270-8760-11ea-ace9-000d3a38a36f
782,cfc14884-62a3-11ea-9861-000d3a38a36f
783,2062d5b0-924f-11eb-b584-000d3a38a36f
784,c56c9470-b1e0-11e9-89fa-000d3a38a36f
785,6930e45c-a35f-11e9-a2fc-000d3a38a36f
786,81cff75e-98ec-11ea-b97a-000d3a38a36f
787,e7a12eda-e474-11ea-b769-000d3a38a36f
788,e709fe6a-38a8-11eb-a48e-000d3a38a36f
789,32aa2196-31f2-11eb-860c-000d3a38a36f
790,32ecc740-70ae-11ea-95d1-000d3a38a36f
791,11999222-d6de-11e9-93bc-000d3a38a36f
792,c26556de-73e7-11eb-b35d-000d3a38a36f
793,a7128bf4-be07-11ea-aa61-000d3a38a36f
794,2042fb0e-324c-11eb-9088-000d3a38a36f
795,28db3cae-66d6-11eb-975c-000d3a38a36f
796,b1b8ff6a-24ed-11ea-bf27-000d3a38a36f
797,87f973e8-ff0f-11e9-a5e8-000d3a38a36f
798,c685c602-f676-11ea-a533-000d3a38a36f
799,24858684-31c8-11eb-860c-000d3a38a36f
800,57177730-5e8a-11eb-8dbd-000d3a38a36f
801,c1dab084-9859-11ea-9d91-000d3a38a36f
802,d4bea426-1e38-11ea-8bf2-000d3a38a36f
803,756fffd0-9f47-11e9-9897-000d3a38a36f
804,5abe3380-1384-11ea-a001-000d3a38a36f
805,6dcd4faa-9f9a-11e9-a2fc-000d3a38a36f
806,de06bdfa-62a5-11ea-9861-000d3a38a36f
807,e3f1b958-740d-11ea-92d0-000d3a38a36f
808,3820c10a-bc92-11ea-aa61-000d3a38a36f
809,92cd376a-a9d7-11e9-a2fc-000d3a38a36f
810,80bc1e88-1228-11ea-a001-000d3a38a36f
811,9a1edc54-7d52-11ea-80af-000d3a38a36f
812,2addb15e-aa52-11e9-a2fc-000d3a38a36f
813,2470dfd8-af63-11e9-a2fc-000d3a38a36f
814,15e61b76-a1ef-11e9-a2fc-000d3a38a36f
815,3df92962-aceb-11e9-a2fc-000d3a38a36f
816,3b3aad7a-5b2f-11ea-bf2c-000d3a38a36f
817,e9d0b6c6-dddb-11e9-a848-000d3a38a36f
818,4ca9c082-a9a0-11e9-a2fc-000d3a38a36f
819,1ca935ee-a1b9-11eb-a568-000d3a38a36f
820,d7d595fc-a4cb-11e9-a2fc-000d3a38a36f
821,a3fe6e62-3d9e-11eb-a48e-000d3a38a36f
822,5fa083d4-4d0a-11ea-a626-000d3a38a36f
823,f48cf02c-2979-11ea-b87a-000d3a38a36f
824,cc88711a-3896-11ea-85d6-000d3a38a36f
825,280e802e-a6ab-11ea-bd63-000d3a38a36f
826,8f25fc60-9f5e-11e9-a2fc-000d3a38a36f
827,5d70a902-a848-11e9-a2fc-000d3a38a36f
828,cbe48a04-5b06-11ea-9f61-000d3a38a36f
829,098ab6d8-a272-11e9-a2fc-000d3a38a36f
830,c4876510-b002-11e9-9757-000d3a38a36f
831,fa1a83f0-aa18-11e9-a2fc-000d3a38a36f
832,64e6540a-5b2d-11ea-826d-000d3a38a36f
833,c8767008-4c0f-11eb-806e-000d3a38a36f
834,7358b7b0-1b7d-11eb-8d74-000d3a38a36f
835,a4613768-eabf-11ea-9047-000d3a38a36f
836,fcd965b6-e0c7-11ea-b5cd-000d3a38a36f
837,64c92dde-af2b-11e9-a2fc-000d3a38a36f
838,93a8c7a2-a37a-11e9-a2fc-000d3a38a36f
839,f5de01e4-9dc6-11e9-9897-000d3a38a36f
840,75467e02-5b4a-11ea-9cce-000d3a38a36f
841,1c90cee8-5c02-11eb-8dbd-000d3a38a36f
842,fc412e50-6b1e-11ea-9c62-000d3a38a36f
843,1c8d5fba-a8ad-11e9-a2fc-000d3a38a36f
844,a9354a8a-aff7-11e9-9757-000d3a38a36f
845,1b49e556-ada3-11e9-a2fc-000d3a38a36f
846,4f871f12-a51c-11e9-a2fc-000d3a38a36f
847,d785d920-3d10-11eb-a48e-000d3a38a36f
848,08934cc6-a6e2-11e9-a2fc-000d3a38a36f
849,9ec476ce-2a69-11ea-b3a7-000d3a38a36f
850,80d6fe5c-a292-11e9-a2fc-000d3a38a36f
851,1ead1d0e-5bd0-11ea-8257-000d3a38a36f
852,390df57a-a1b2-11e9-a2fc-000d3a38a36f
853,a78565a4-a9d9-11e9-a2fc-000d3a38a36f
854,db5cdd42-5051-11eb-806e-000d3a38a36f
855,a740d202-5bba-11ea-b977-000d3a38a36f
856,4f81ec18-5b9c-11ea-a24e-000d3a38a36f
857,f48052d4-00a4-11ea-a5e8-000d3a38a36f
858,00a5009a-2558-11eb-a59b-000d3a38a36f
859,8d45b7fa-b0a7-11e9-9757-000d3a38a36f
860,395198b8-e7a1-11e9-8bb8-000d3a38a36f
861,d26ee454-283f-11ea-b87a-000d3a38a36f
862,4203a8ea-a258-11e9-a2fc-000d3a38a36f
863,846ba30c-8b4c-11eb-95e7-000d3a38a36f
864,2208e6c0-2a45-11ea-99b3-000d3a38a36f
865,e72bb954-9df1-11e9-9897-000d3a38a36f
866,792b873a-5bd9-11ea-aa71-000d3a38a36f
867,2f23ca88-51ef-11ea-a243-000d3a38a36f
868,050b9782-9775-11ea-a9c8-000d3a38a36f
869,2a2daa14-a594-11ea-bd63-000d3a38a36f
870,9c6e14d8-a8e0-11eb-8f64-000d3a299ebf
871,d7aa5300-1ea6-11eb-a39e-000d3a38a36f
872,f6386762-19f6-11eb-8d74-000d3a38a36f
873,cce2f7b6-6253-11ea-9d1a-000d3a38a36f
874,ecdcc836-15ef-11ea-aa74-000d3a38a36f
875,851de3b4-8f0c-11eb-8cb8-000d3a38a36f
876,b676edd8-a715-11e9-a2fc-000d3a38a36f
877,d2795fde-6a0f-11eb-b5d7-000d3a38a36f
878,bd5a28ae-50f2-11ea-99ba-000d3a38a36f
879,ff42a872-5be2-11ea-af8a-000d3a38a36f
880,4f9bc9bc-a9c2-11e9-a2fc-000d3a38a36f
881,67266024-9bc9-11eb-9c47-000d3a38a36f
882,8238996a-3ede-11eb-806e-000d3a38a36f
883,5a1f7f00-ac79-11e9-a2fc-000d3a38a36f
884,21568798-4e92-11ea-99ba-000d3a38a36f
885,20404e4c-9f61-11e9-a2fc-000d3a38a36f
886,2cf42632-62ec-11ea-a6dc-000d3a38a36f
887,82fb0c9e-7101-11ea-ad37-000d3a38a36f
888,1734a0dc-3d63-11ea-9e19-000d3a38a36f
889,d324e5b4-ac9e-11e9-a2fc-000d3a38a36f
890,662947c2-443a-11eb-806e-000d3a38a36f
891,ad0b4f80-8c40-11ea-8f41-000d3a38a36f
892,176fe254-bbf9-11ea-9a91-000d3a38a36f
893,ddbe6e62-a453-11e9-a2fc-000d3a38a36f
894,0904db6a-8504-11ea-80af-000d3a38a36f
895,e8ffc91e-25c3-11ea-b1c8-000d3a38a36f
896,ab0f42f8-b19f-11e9-89fa-000d3a38a36f
897,a2431332-dca7-11ea-9c1f-000d3a38a36f
898,31c0dbe0-d94b-11e9-93bc-000d3a38a36f
899,8c10dada-99cd-11ea-a274-000d3a38a36f
900,fc80b6b4-6d53-11eb-99c4-000d3a38a36f
901,7750afc4-a1c8-11e9-a2fc-000d3a38a36f
902,e054c3da-aa55-11e9-a2fc-000d3a38a36f
903,d5375342-1f6a-11eb-b272-000d3a38a36f
904,a3266232-a7ea-11ea-bd63-000d3a38a36f
905,3d0aa934-aabd-11e9-a2fc-000d3a38a36f
906,c081c1b0-5f18-11eb-8dbd-000d3a38a36f
907,70c065b8-b1eb-11e9-89fa-000d3a38a36f
908,07cf1f72-ace1-11e9-a2fc-000d3a38a36f
909,a1200cf0-5bae-11ea-a57c-000d3a38a36f
910,9b01de90-5215-11ea-88d3-000d3a38a36f
911,1e9233ca-b0ab-11e9-9757-000d3a38a36f
912,d17299e0-a213-11e9-a2fc-000d3a38a36f
913,eabdf20c-ab7b-11e9-a2fc-000d3a38a36f
914,2c53cf72-a4bd-11e9-a2fc-000d3a38a36f
915,370302d2-aca4-11e9-a2fc-000d3a38a36f
916,22ed0094-ad8f-11ea-b736-000d3a38a36f
917,3a43daba-a485-11e9-a2fc-000d3a38a36f
918,e102dfdc-a1c3-11e9-a2fc-000d3a38a36f
919,afdd64e6-d281-11ea-8aab-000d3a38a36f
920,a2ccce38-a32d-11e9-a2fc-000d3a38a36f
921,15e5cfb6-2ff8-11eb-be61-000d3a38a36f
922,caaf868e-4035-11ea-aa6b-000d3a38a36f
923,ba5fc36a-565c-11ea-b9b9-000d3a38a36f
924,18acf516-cc12-11ea-b305-000d3a38a36f
925,3b7228ce-7300-11eb-a9a7-000d3a38a36f
926,b2ae62b0-b108-11e9-9757-000d3a38a36f
927,c713e3ca-b3a9-11ea-8745-000d3a38a36f
928,38b5f27c-5444-11ea-b1db-000d3a38a36f
929,f2b1cd80-a973-11e9-a2fc-000d3a38a36f
930,45a5671c-c81e-11ea-a167-000d3a38a36f
931,f6d2579a-9e1a-11e9-9897-000d3a38a36f
932,36ec7166-a26d-11e9-a2fc-000d3a38a36f
933,ebb58b5a-4519-11eb-806e-000d3a38a36f
934,2fd58316-43d1-11eb-806e-000d3a38a36f
935,1b2a575a-aed3-11e9-a2fc-000d3a38a36f
936,c52abbf2-aa62-11e9-a2fc-000d3a38a36f
937,9009290e-6196-11ea-8dd8-000d3a38a36f
938,c34538ea-5f56-11ea-be5b-000d3a38a36f
939,bda4174c-28cb-11ea-b87a-000d3a38a36f
940,fa48629e-b16f-11e9-89fa-000d3a38a36f
941,3703ee4e-af02-11e9-a2fc-000d3a38a36f
942,05769e24-de11-11e9-957d-000d3a38a36f
943,2ea7ff22-5bcf-11ea-b930-000d3a38a36f
944,2364e38e-d865-11e9-93bc-000d3a38a36f
945,00d2268e-5b36-11ea-8ca6-000d3a38a36f
946,a2d88628-24d4-11ea-bf27-000d3a38a36f
947,dca96560-ab8b-11e9-a2fc-000d3a38a36f
948,59767978-5bab-11ea-89e8-000d3a38a36f
949,7f4462a6-a1b5-11e9-a2fc-000d3a38a36f
950,8f1d7934-3859-11ea-85d6-000d3a38a36f
951,6cf23020-af83-11e9-a2fc-000d3a38a36f
952,0950a7f6-ab9e-11e9-a2fc-000d3a38a36f
953,223e32a2-22ca-11eb-99f8-000d3a38a36f
954,1d1785d2-a22c-11e9-a2fc-000d3a38a36f
955,b5f047a4-1aa3-11ea-98d5-000d3a38a36f
956,676b427e-71f9-11eb-aa44-000d3a38a36f
957,45df89d2-b155-11e9-9757-000d3a38a36f
958,2285ffa0-a3d3-11e9-a2fc-000d3a38a36f
959,c4ea5db8-99d2-11ea-a274-000d3a38a36f
960,76e91fde-5bcd-11ea-98bb-000d3a38a36f
961,657e1c2a-b0a3-11e9-9757-000d3a38a36f
962,081002e8-f26a-11e9-9346-000d3a38a36f
963,f8e7f79e-d7a7-11e9-93bc-000d3a38a36f
964,2cded068-1fa0-11eb-b272-000d3a38a36f
965,a80f02e8-3cda-11ea-9e19-000d3a38a36f
966,e0e339c0-7143-11ea-adca-000d3a38a36f
967,deb64f62-b05e-11e9-9757-000d3a38a36f
968,838ff78e-b002-11e9-9757-000d3a38a36f
969,a66ca75c-a314-11e9-a2fc-000d3a38a36f
970,3e06e4c6-55aa-11eb-9e65-000d3a38a36f
971,be3d6460-256a-11ea-b1c8-000d3a38a36f
972,f22d3d96-4dc8-11ea-9655-000d3a38a36f
973,0853be12-7e5f-11ea-80af-000d3a38a36f
974,37c86d08-a739-11e9-a2fc-000d3a38a36f
975,cc534f50-1dbe-11ea-8bf2-000d3a38a36f
976,9e79f492-d68a-11e9-93bc-000d3a38a36f
977,fd2290b2-adf2-11eb-8f64-000d3a299ebf
978,676783ee-f7ea-11e9-841e-000d3a38a36f
979,2d602ffe-98dd-11ea-b97a-000d3a38a36f
980,adab6cce-26ef-11ea-aaaa-000d3a38a36f
981,32376fb0-13d1-11ea-a001-000d3a38a36f
982,8bc997c6-28a6-11ea-b87a-000d3a38a36f
983,0d7953ac-5b96-11ea-8cf2-000d3a38a36f
984,adb1c840-c77a-11ea-a9ba-000d3a38a36f
985,a0d854d4-5598-11eb-9e65-000d3a38a36f
986,fb8e6cba-9ea1-11e9-9897-000d3a38a36f
987,0974a468-42fb-11ea-8b43-000d3a38a36f
988,510cc414-acfa-11e9-a2fc-000d3a38a36f
989,1a78f110-b01b-11e9-9757-000d3a38a36f
990,5a351e90-b984-11eb-a757-000d3a38a36f
991,234e17c8-541d-11eb-9e65-000d3a38a36f
992,480c5bf8-4d46-11ea-9c12-000d3a38a36f
993,9ef676d2-76cc-11eb-bf95-000d3a38a36f
994,40f59322-b15e-11e9-89fa-000d3a38a36f
995,2c22bbc4-5bee-11ea-bc81-000d3a38a36f
996,736fb41e-f127-11e9-9346-000d3a38a36f
997,26579c3e-5340-11ea-acd3-000d3a38a36f
998,83b52cc8-18fa-11ea-9213-000d3a38a36f
999,affc9d82-cc20-11ea-ac21-000d3a38a36f
1000,28e70c9a-afdf-11ea-b736-000d3a38a36f
1001,ecde71dc-e50b-11e9-ad00-000d3a38a36f
1002,52ea8224-d6c8-11e9-93bc-000d3a38a36f
1003,0c2d8c68-f361-11e9-9346-000d3a38a36f
1004,3d0033c2-adcf-11e9-a2fc-000d3a38a36f
1005,5c4b88c2-5274-11ea-956d-000d3a38a36f
1006,63e8d6d8-d0d3-11ea-8b59-000d3a38a36f
1007,de6f3830-ad2e-11e9-a2fc-000d3a38a36f
1008,c0625c60-4af8-11ea-8533-000d3a38a36f
1009,56f76474-c4f0-11ea-98f7-000d3a38a36f
1010,20f47ca4-af6b-11e9-a2fc-000d3a38a36f
1011,81831074-d6d2-11e9-93bc-000d3a38a36f
1012,9d8ba5d8-2bcd-11ea-91ab-000d3a38a36f
1013,768bfdfa-9a8d-11ea-9fd8-000d3a38a36f
1014,d0e1fbc8-a93a-11e9-a2fc-000d3a38a36f
1015,81c37e08-0151-11ea-a5e8-000d3a38a36f
1016,d4142c0e-301a-11eb-be61-000d3a38a36f
1017,c7610ef8-734d-11ea-92d0-000d3a38a36f
1018,ce0898fc-ee00-11e9-9346-000d3a38a36f
1019,9fb8541e-d6b9-11e9-93bc-000d3a38a36f
1020,a2f4a1ea-ab2c-11e9-a2fc-000d3a38a36f
1021,b04fa8d6-ac11-11e9-a2fc-000d3a38a36f
1022,49662a14-a8e5-11eb-8f64-000d3a299ebf
1023,02bc835c-d96f-11e9-93bc-000d3a38a36f
1024,5b2af22c-a827-11e9-a2fc-000d3a38a36f
1025,dac43d60-ddbd-11e9-9cd3-000d3a38a36f
1026,5eb975c8-a569-11e9-a2fc-000d3a38a36f
1027,8914c0b8-5b42-11ea-b332-000d3a38a36f
1028,61f3b9d2-234b-11ea-8523-000d3a38a36f
1029,5115d89e-ad4d-11e9-a2fc-000d3a38a36f
1030,a591bc46-5b47-11ea-9f0c-000d3a38a36f
1031,c129a44a-200b-11ea-87bf-000d3a38a36f
1032,1c508dce-46c3-11ea-b6c0-000d3a38a36f
1033,19ffb4f6-b0b2-11ea-b736-000d3a38a36f
1034,aa447910-b78e-11ea-9e09-000d3a38a36f
1035,e44b28f8-0571-11eb-8ffc-000d3a38a36f
1036,e81ea236-647e-11eb-add3-000d3a38a36f
1037,9385e48c-b034-11e9-9757-000d3a38a36f
1038,bd3b0a48-df20-11ea-9c1f-000d3a38a36f
1039,41abf3ce-5b54-11ea-85a8-000d3a38a36f
1040,7c4f5492-af1c-11e9-a2fc-000d3a38a36f
1041,23c71adc-2003-11ea-87bf-000d3a38a36f
1042,b42e200e-d664-11e9-93bc-000d3a38a36f
1043,e41ccc84-a117-11e9-a2fc-000d3a38a36f
1044,a628d36e-5b25-11ea-a6da-000d3a38a36f
1045,a1daad48-28dd-11ea-b87a-000d3a38a36f
1046,b3ab0b1c-52f9-11ea-9ade-000d3a38a36f
1047,2404c762-5be8-11ea-82bc-000d3a38a36f
1048,f1af14a4-3bb4-11eb-a48e-000d3a38a36f
1049,cd910778-15ed-11ea-aa74-000d3a38a36f
1050,30421588-ac3f-11e9-a2fc-000d3a38a36f
1051,1e2dd6cc-0b1e-11eb-8ffc-000d3a38a36f
1052,eeb643c0-3021-11ea-bb28-000d3a38a36f
1053,472fe346-5b36-11ea-a35f-000d3a38a36f
1054,f3e31168-a72f-11ea-bd63-000d3a38a36f
1055,2474d654-2d4b-11ea-827e-000d3a38a36f
1056,af016802-ac66-11e9-a2fc-000d3a38a36f
1057,e5b0f47c-128b-11ea-a001-000d3a38a36f
1058,3ea07308-a744-11ea-bd63-000d3a38a36f
1059,4c6f5e56-5436-11ea-b1db-000d3a38a36f
1060,ce4e67c8-a103-11e9-a2fc-000d3a38a36f
1061,868499d0-706a-11ea-8369-000d3a38a36f
1062,f57bdf8e-ab75-11e9-a2fc-000d3a38a36f
1063,5818dddc-a918-11e9-a2fc-000d3a38a36f
1064,e29e2b4a-a4dd-11e9-a2fc-000d3a38a36f
1065,41081e4c-5bd7-11ea-90ca-000d3a38a36f
1066,af4caa7e-5be8-11ea-ad60-000d3a38a36f
1067,974f64b4-1e14-11ea-8bf2-000d3a38a36f
1068,e8c46322-a181-11e9-a2fc-000d3a38a36f
1069,15f01ade-216c-11ea-9618-000d3a38a36f
1070,a2e8d952-a52b-11e9-a2fc-000d3a38a36f
1071,ee863920-c502-11ea-a7eb-000d3a38a36f
1072,2dcdd11a-16e4-11ea-b4ec-000d3a38a36f
1073,73f51736-a545-11e9-a2fc-000d3a38a36f
1074,126ba606-25c9-11ea-b1c8-000d3a38a36f
1075,6467d33c-5b28-11ea-bd7b-000d3a38a36f
1076,40e74cb6-1be1-11ea-ac4f-000d3a38a36f
1077,7a568820-af05-11e9-a2fc-000d3a38a36f
1078,93bf3bd6-84ec-11eb-8a3c-000d3a38a36f
1079,6b9daa78-a0f7-11e9-a2fc-000d3a38a36f
1080,4ed72388-6a54-11eb-b5d7-000d3a38a36f
1081,efad3cc6-ae98-11e9-a2fc-000d3a38a36f
1082,a28e4550-4ebc-11eb-806e-000d3a38a36f
1083,4fbf4608-572c-11eb-9e65-000d3a38a36f
1084,da71103a-97ef-11ea-9d91-000d3a38a36f
1085,6f3ff5a2-7dcb-11eb-bd59-000d3a38a36f
1086,a536f948-b0c8-11e9-9757-000d3a38a36f
1087,a4a80b36-981f-11ea-9d91-000d3a38a36f
1088,6cbd2286-f438-11ea-b013-000d3a38a36f
1089,e1fd2ef8-63ef-11ea-a6dc-000d3a38a36f
1090,4739c9e2-545b-11ea-b1db-000d3a38a36f
1091,c2200422-b1cd-11e9-89fa-000d3a38a36f
1092,dce41348-d6c6-11e9-93bc-000d3a38a36f
1093,117ad356-edf3-11e9-9346-000d3a38a36f
1094,61eb6024-2838-11ea-a043-000d3a38a36f
1095,8760dbfc-4563-11ea-acaf-000d3a38a36f
1096,c48840a2-a4b3-11e9-a2fc-000d3a38a36f
1097,8abf0f54-b0c5-11e9-9757-000d3a38a36f
1098,9c575cf4-d70c-11e9-93bc-000d3a38a36f
1099,e14f9392-d8a3-11e9-93bc-000d3a38a36f
1100,f1e0e2d0-28fa-11eb-b7dd-000d3a38a36f
1101,6c1d0538-d636-11e9-93bc-000d3a38a36f
1102,f5a3f8bc-2504-11ea-bf27-000d3a38a36f
1103,92048f9a-3fae-11eb-806e-000d3a38a36f
1104,6f9320ee-f27e-11e9-9346-000d3a38a36f
1105,8cface6c-568c-11ea-b9b9-000d3a38a36f
1106,69210962-564a-11ea-b9b9-000d3a38a36f
1107,65a056c4-5287-11ea-8850-000d3a38a36f
1108,875cbe12-665d-11ea-82da-000d3a38a36f
1109,5edeb302-5b4d-11ea-8a34-000d3a38a36f
1110,2b4e0538-6795-11eb-b5d7-000d3a38a36f
1111,4ecc3b88-f5b2-11ea-a533-000d3a38a36f
1112,d2238304-619e-11ea-8dd8-000d3a38a36f
1113,054864c8-569d-11ea-b9b9-000d3a38a36f
1114,687691ee-5451-11ea-b1db-000d3a38a36f
1115,72f46e22-591c-11eb-9e65-000d3a38a36f
1116,39941816-53bf-11ea-abe0-000d3a38a36f
1117,1fd9ff40-3f90-11eb-806e-000d3a38a36f
1118,a207fe8a-5cba-11eb-8dbd-000d3a38a36f
1119,809c3192-e549-11e9-ad00-000d3a38a36f
1120,da57f786-97f8-11ea-9d91-000d3a38a36f
1121,ea6e0cd2-18e6-11ea-9213-000d3a38a36f
1122,05acf494-43ae-11ea-8b43-000d3a38a36f
1123,4099db2a-5b38-11ea-828c-000d3a38a36f
1124,a0cef026-a949-11e9-a2fc-000d3a38a36f
1125,9c3a058e-3005-11eb-be61-000d3a38a36f
1126,8d280312-4b35-11ea-a626-000d3a38a36f
1127,ebc1e36a-23cc-11ea-8523-000d3a38a36f
1128,3e54010a-bf15-11eb-8ef5-000d3a38a36f
1129,0242b9e6-9d88-11e9-9897-000d3a38a36f
1130,6bb7a2e4-a81c-11e9-a2fc-000d3a38a36f
1131,d0f92dda-ace0-11e9-a2fc-000d3a38a36f
1132,11a47b18-aa17-11e9-a2fc-000d3a38a36f
1133,fc99c748-a9f6-11e9-a2fc-000d3a38a36f
1134,d8e0331a-e36b-11e9-ad00-000d3a38a36f
1135,63e09d12-269a-11ea-b9a0-000d3a38a36f
1136,2d328ed4-5b32-11ea-b87b-000d3a38a36f
1137,431bcce4-52fc-11ea-9ade-000d3a38a36f
1138,cb8bc358-5334-11ea-acd3-000d3a38a36f
1139,8a34e73a-bc9d-11eb-8ef5-000d3a38a36f
1140,3a94268a-15f2-11ea-aa74-000d3a38a36f
1141,5d877f50-2642-11eb-8a9b-000d3a38a36f
1142,83f6c992-5686-11eb-9e65-000d3a38a36f
1143,2113e9c6-53b8-11ea-abe0-000d3a38a36f
1144,fb4445e8-f24f-11e9-9346-000d3a38a36f
1145,034a8960-c855-11ea-8ddc-000d3a38a36f
1146,b2cb9636-aa1f-11e9-a2fc-000d3a38a36f
1147,f97ffd18-b020-11e9-9757-000d3a38a36f
1148,9b4c37d0-25f4-11ea-8e1c-000d3a38a36f
1149,f74f7984-a5b5-11ea-bd63-000d3a38a36f
1150,09f7a470-5bed-11ea-bdcb-000d3a38a36f
1151,e51399c0-1ff1-11ea-87bf-000d3a38a36f
1152,bfb3ffd6-4b06-11ea-8533-000d3a38a36f
1153,9d32a6ee-2fd8-11eb-8f90-000d3a38a36f
1154,d8606076-9ec8-11eb-9c47-000d3a38a36f
1155,fb212c9a-b0ce-11eb-bbf8-000d3a38a36f
1156,d17396a6-40bf-11ea-82e1-000d3a38a36f
1157,56bf147c-1dd2-11ea-8bf2-000d3a38a36f
1158,dcaa0b80-8fb2-11ea-8f41-000d3a38a36f
1159,5cc3d87c-0a57-11eb-8ffc-000d3a38a36f
1160,097f760a-2bf8-11ea-91ab-000d3a38a36f
1161,cd66102e-5b9b-11ea-bd25-000d3a38a36f
1162,5b3f7fe2-a860-11e9-a2fc-000d3a38a36f
1163,83a254a6-7073-11ea-8369-000d3a38a36f
1164,3632aeb6-b019-11e9-9757-000d3a38a36f
1165,eac1422a-711a-11eb-93b1-000d3a38a36f
1166,b2892fbe-b48a-11ea-a78c-000d3a38a36f
1167,ed927d4a-fb17-11e9-b138-000d3a38a36f
1168,3aabb51c-28e2-11eb-b7dd-000d3a38a36f
1169,cae4a7d6-ddbd-11e9-9cd3-000d3a38a36f
1170,21beb332-a8fb-11e9-a2fc-000d3a38a36f
1171,04cd5a8e-41d6-11ea-96d9-000d3a38a36f
1172,0d5265a8-24cd-11ea-bf27-000d3a38a36f
1173,73f027ba-2828-11ea-a043-000d3a38a36f
1174,8b80edc6-9748-11ea-a9c8-000d3a38a36f
1175,ba3c7962-2bcf-11ea-91ab-000d3a38a36f
1176,fc9f3ac8-a7b4-11e9-a2fc-000d3a38a36f
1177,db8f1b16-29e3-11eb-b280-000d3a38a36f
1178,4044b462-9cff-11e9-9897-000d3a38a36f
1179,0dbce46c-1359-11ea-a001-000d3a38a36f
1180,86f20090-3fca-11ea-aa6b-000d3a38a36f
1181,d32de73e-d608-11e9-93bc-000d3a38a36f
1182,e90ac78c-2718-11ea-aaaa-000d3a38a36f
1183,52da40aa-41e2-11ea-96d9-000d3a38a36f
1184,a9bc8016-5b88-11eb-8dbd-000d3a38a36f
1185,76253e1e-90c1-11eb-bae6-000d3a38a36f
1186,b181e9ec-ac81-11e9-a2fc-000d3a38a36f
1187,6bb61316-5bd6-11ea-8cde-000d3a38a36f
1188,896f7aa8-5588-11eb-9e65-000d3a38a36f
1189,e85b543c-a1a8-11e9-a2fc-000d3a38a36f
1190,070ab93e-ee13-11e9-9346-000d3a38a36f
1191,9ca67390-9da3-11e9-9897-000d3a38a36f
1192,6a2b71d6-255b-11eb-872a-000d3a38a36f
1193,9a34f4f2-8063-11eb-af8c-000d3a38a36f
1194,4003b674-56a9-11ea-b9b9-000d3a38a36f
1195,216f3308-5bdd-11ea-b0e0-000d3a38a36f
1196,bbb5c034-5bd4-11ea-a24a-000d3a38a36f
1197,c1142094-5b47-11ea-9df3-000d3a38a36f
1198,c10a7948-9e3e-11e9-9897-000d3a38a36f
1199,be1d02ae-134c-11ea-a001-000d3a38a36f
1200,4ff1c4b0-ff2c-11e9-a5e8-000d3a38a36f
1201,cc42bf22-62e3-11ea-a6dc-000d3a38a36f
1202,c0fe00ee-c699-11ea-9d14-000d3a38a36f
1203,da01e8f4-a2e0-11e9-a2fc-000d3a38a36f
1204,5bfbaca4-99c2-11ea-a274-000d3a38a36f
1205,20a59f0a-ead2-11ea-9047-000d3a38a36f
1206,e85c61be-af6e-11e9-a2fc-000d3a38a36f
1207,9c9c165e-45e3-11eb-806e-000d3a38a36f
1208,bc8c1716-106f-11ea-8ce6-000d3a38a36f
1209,08828c30-4bc2-11ea-a626-000d3a38a36f
1210,ea351e08-a7e0-11e9-a2fc-000d3a38a36f
1211,3f9f8cea-3056-11ea-bb28-000d3a38a36f
1212,c37c19d6-e856-11e9-8bb8-000d3a38a36f
1213,e2885e38-2961-11ea-b87a-000d3a38a36f
1214,b01ff9e6-ce71-11ea-a8f0-000d3a38a36f
1215,0f8238de-98d7-11ea-b97a-000d3a38a36f
1216,c7b14ea4-6024-11ea-8dd8-000d3a38a36f
1217,bdf3abc2-a536-11e9-a2fc-000d3a38a36f
1218,ee2e10ba-e5b5-11e9-ad00-000d3a38a36f
1219,d6b0e00a-5bf0-11ea-87ea-000d3a38a36f
1220,0c6996e6-a518-11e9-a2fc-000d3a38a36f
1221,06e6bc28-5330-11ea-acd3-000d3a38a36f
1222,3fdf406a-53c9-11ea-abe0-000d3a38a36f
1223,01024718-52fa-11ea-9ade-000d3a38a36f
1224,fc3616a4-7042-11ea-b40c-000d3a38a36f
1225,29378cfe-5b45-11ea-a185-000d3a38a36f
1226,7ebbf8b2-2e05-11ea-9ad5-000d3a38a36f
1227,29c4a78e-97cb-11ea-9d91-000d3a38a36f
1228,acd8b422-5b25-11ea-aa0e-000d3a38a36f
1229,775a5aa2-ab22-11e9-a2fc-000d3a38a36f
1230,f1c3a648-a6a4-11eb-a6d3-000d3a299ebf
1231,1fa2d5a2-e3b0-11e9-ad00-000d3a38a36f
1232,b2b4003e-7382-11ea-92d0-000d3a38a36f
1233,51c6dab0-d9fb-11e9-93bc-000d3a38a36f
1234,3508e764-a7f7-11e9-a2fc-000d3a38a36f
1235,4b3c54a4-1777-11ea-9213-000d3a38a36f
1236,cd9f4a0c-e4f3-11e9-ad00-000d3a38a36f
1237,21c454e8-5b31-11ea-9cca-000d3a38a36f
1238,482a44fc-58b1-11eb-9e65-000d3a38a36f
1239,eb0534a0-5bb6-11ea-a68b-000d3a38a36f
1240,eab24540-1a12-11eb-8d74-000d3a38a36f
1241,d1423d10-12fa-11ea-a001-000d3a38a36f
1242,51d05f94-2380-11ea-8523-000d3a38a36f
1243,201b9d86-5ff0-11ea-8dd8-000d3a38a36f
1244,51176ddc-ad0f-11e9-a2fc-000d3a38a36f
1245,b6f4ea5c-bc78-11ea-aa61-000d3a38a36f
1246,63499274-9e0e-11e9-9897-000d3a38a36f
1247,a1179ac6-2a2f-11ea-99b3-000d3a38a36f
1248,39a5def2-3bd1-11eb-a48e-000d3a38a36f
1249,4d819e16-5b49-11ea-9737-000d3a38a36f
1250,2fee0408-60b5-11eb-9b71-000d3a38a36f
1251,c8038e64-d89f-11ea-aee7-000d3a38a36f
1252,6321d02c-a557-11e9-a2fc-000d3a38a36f
1253,ec4778d6-ab4f-11e9-a2fc-000d3a38a36f
1254,1ee62188-2991-11ea-b87a-000d3a38a36f
1255,019cde54-1e25-11ea-8bf2-000d3a38a36f
1256,b4646b3c-50cf-11eb-806e-000d3a38a36f
1257,c659fd8e-3266-11eb-ad60-000d3a38a36f
1258,ee9651a6-ab31-11ea-b736-000d3a38a36f
1259,48bcc796-f66a-11e9-841e-000d3a38a36f
1260,a800ac48-2501-11ea-bf27-000d3a38a36f
1261,bbd00dda-1377-11eb-8ffc-000d3a38a36f
1262,879a75e8-2942-11ea-b87a-000d3a38a36f
1263,017eb67c-12c2-11ea-a001-000d3a38a36f
1264,baf4b64c-ce6f-11ea-a8f0-000d3a38a36f
1265,953f9a54-6ac6-11eb-b5d7-000d3a38a36f
1266,2fc219f6-46b2-11ea-b6c0-000d3a38a36f
1267,d327b106-bedd-11eb-8ef5-000d3a38a36f
1268,1637d1d6-de1d-11e9-957d-000d3a38a36f
1269,02539196-2bde-11ea-91ab-000d3a38a36f
1270,e1c15bca-3555-11eb-9a15-000d3a38a36f
1271,dcf3c3ba-5b4b-11ea-9fe5-000d3a38a36f
1272,94282fac-622d-11ea-9d1a-000d3a38a36f
1273,c42482e6-e5dc-11e9-ad00-000d3a38a36f
1274,e2b8989c-2028-11ea-87bf-000d3a38a36f
1275,9c8a5a58-a81f-11e9-a2fc-000d3a38a36f
1276,789925f4-e508-11e9-ad00-000d3a38a36f
1277,ec77d3d6-8a20-11ea-8ec0-000d3a38a36f
1278,f4f3b47a-a43a-11e9-a2fc-000d3a38a36f
1279,3c512fa4-a8c9-11e9-a2fc-000d3a38a36f
1280,5e744c7a-b363-11e9-a043-000d3a38a36f
1281,ae8c45e4-e10f-11e9-957d-000d3a38a36f
1282,b5a4460c-c01f-11ea-9c44-000d3a38a36f
1283,26e5b0de-2968-11ea-b87a-000d3a38a36f
1284,b4d36720-c048-11ea-9c44-000d3a38a36f
1285,d0ba3bba-1379-11eb-8ffc-000d3a38a36f
1286,a3495872-1b9a-11eb-8d74-000d3a38a36f
1287,acd4a564-6352-11ea-a6dc-000d3a38a36f
1288,e91f61d8-7f56-11ea-80af-000d3a38a36f
1289,580d5a24-983d-11ea-9d91-000d3a38a36f
1290,c49e033e-a0e3-11e9-a2fc-000d3a38a36f
1291,64b18f06-9248-11eb-b584-000d3a38a36f
1292,5ec84242-a17c-11e9-a2fc-000d3a38a36f
1293,b3ca6f8c-a14e-11e9-a2fc-000d3a38a36f
1294,8f11507e-a8ca-11e9-a2fc-000d3a38a36f
1295,359e4a8e-afb7-11ea-b736-000d3a38a36f
1296,c1f802b2-22ae-11eb-99f8-000d3a38a36f
1297,db91edee-a787-11e9-a2fc-000d3a38a36f
1298,724cb758-63a0-11ea-a6dc-000d3a38a36f
1299,2a4ba544-2698-11ea-b9a0-000d3a38a36f
1300,d0b9390e-1915-11ea-9213-000d3a38a36f
1301,acc3e360-d666-11e9-93bc-000d3a38a36f
1302,8d18a236-2485-11ea-bf27-000d3a38a36f
1303,42bbabfe-a5cf-11ea-bd63-000d3a38a36f
1304,6fae1276-29f8-11ea-87cc-000d3a38a36f
1305,523155f6-a428-11e9-a2fc-000d3a38a36f
1306,7f1bd3e6-3142-11ea-b884-000d3a38a36f
1307,588035b0-1a3b-11ea-941b-000d3a38a36f
1308,1f84cc24-5bdd-11ea-9571-000d3a38a36f
1309,460d324a-ae05-11e9-a2fc-000d3a38a36f
1310,05f83906-9707-11eb-8c2a-000d3a38a36f
1311,ffdde90e-70af-11ea-95d1-000d3a38a36f
1312,9d6b9d50-655c-11eb-add3-000d3a38a36f
1313,5bc3c016-a0c9-11e9-a2fc-000d3a38a36f
1314,cccf5820-a0aa-11e9-a2fc-000d3a38a36f
1315,d75be52c-1217-11ea-a001-000d3a38a36f
1316,74573c18-d6f0-11e9-93bc-000d3a38a36f
1317,00fb8870-d676-11e9-93bc-000d3a38a36f
1318,f1f4a69c-5b3e-11ea-a13e-000d3a38a36f
1319,d7a7d86c-d6a1-11e9-93bc-000d3a38a36f
1320,118fbb68-5b49-11ea-95ae-000d3a38a36f
1321,58bdce3c-a7d7-11ea-bd63-000d3a38a36f
1322,46985ca8-1a43-11ea-941b-000d3a38a36f
1323,fc723c5a-bba7-11ea-995f-000d3a38a36f
1324,037ad554-25ba-11ea-b1c8-000d3a38a36f
1325,aa796de2-50e4-11eb-806e-000d3a38a36f
1326,b9971918-4415-11eb-806e-000d3a38a36f
1327,f4d717bc-bc84-11ea-aa61-000d3a38a36f
1328,d8b306f0-a154-11e9-a2fc-000d3a38a36f
1329,119ca220-5b2f-11ea-b040-000d3a38a36f
1330,28ed2304-d679-11e9-93bc-000d3a38a36f
1331,4eae3686-5b2c-11ea-a713-000d3a38a36f
1332,e0c01bf2-b0eb-11e9-9757-000d3a38a36f
1333,c8a390d0-5b31-11ea-ab55-000d3a38a36f
1334,8c4f2812-1edf-11ea-81ff-000d3a38a36f
1335,2d5ff0b0-a15e-11e9-a2fc-000d3a38a36f
1336,64e38764-6386-11ea-a6dc-000d3a38a36f
1337,4a796c0c-54d2-11eb-9e65-000d3a38a36f
1338,57005c42-9dc2-11e9-9897-000d3a38a36f
1339,da017c12-695d-11eb-b5d7-000d3a38a36f
1340,434b1d90-a2fe-11e9-a2fc-000d3a38a36f
1341,5f3845dc-30c0-11ea-a6ce-000d3a38a36f
1342,1486e832-53dd-11ea-94d4-000d3a38a36f
1343,3869bdee-e382-11ea-8839-000d3a38a36f
1344,87f5bab0-665b-11ea-82da-000d3a38a36f
1345,61ea94ba-5b09-11ea-90d4-000d3a38a36f
1346,66edb316-2774-11ea-aaaa-000d3a38a36f
1347,97016490-a26c-11e9-a2fc-000d3a38a36f
1348,903ec8b4-bbbb-11ea-a0c9-000d3a38a36f
1349,bbff8a3e-b700-11ea-9e09-000d3a38a36f
1350,224779e0-230f-11ea-8523-000d3a38a36f
1351,4b0f84e8-55a5-11eb-9e65-000d3a38a36f
1352,c8d4f3f4-2158-11ea-9618-000d3a38a36f
1353,b8d208f4-a9ec-11e9-a2fc-000d3a38a36f
1354,b7c8e642-5bcd-11ea-aea2-000d3a38a36f
1355,f8fdc566-7c6e-11eb-bf65-000d3a38a36f
1356,9d333174-5bb0-11ea-b25a-000d3a38a36f
1357,7b9d82f2-5b0c-11ea-8c8e-000d3a38a36f
1358,daec07ac-a8e1-11e9-a2fc-000d3a38a36f
1359,82e54a2c-7371-11ea-92d0-000d3a38a36f
1360,04326562-568c-11eb-9e65-000d3a38a36f
1361,562a478a-aca7-11e9-a2fc-000d3a38a36f
1362,366848fa-4f46-11eb-806e-000d3a38a36f
1363,89bf03ec-2b00-11ea-9d27-000d3a38a36f
1364,cfe3f28c-5bda-11ea-83d9-000d3a38a36f
1365,936c1792-203b-11ea-87bf-000d3a38a36f
1366,d6da071e-1e4c-11ea-8bf2-000d3a38a36f
1367,b725a9ca-5b9e-11ea-a841-000d3a38a36f
1368,2b122c76-a41d-11e9-a2fc-000d3a38a36f
1369,6d07ccc2-a110-11e9-a2fc-000d3a38a36f
1370,e15169ee-debd-11ea-9c1f-000d3a38a36f
1371,08fb032a-1208-11ea-916f-000d3a38a36f
1372,79e3e7de-a221-11e9-a2fc-000d3a38a36f
1373,6291a010-abd3-11e9-a2fc-000d3a38a36f
1374,3f7aa818-b0e4-11e9-9757-000d3a38a36f
1375,7b147c06-2a82-11ea-b3a7-000d3a38a36f
1376,3ca62200-a3ad-11e9-a2fc-000d3a38a36f
1377,d9a881b6-b256-11ea-b736-000d3a38a36f
1378,3e423638-be25-11ea-aa61-000d3a38a36f
1379,95a0fd42-fee5-11e9-a5e8-000d3a38a36f
1380,54b09480-b616-11ea-a78c-000d3a38a36f
1381,485315f6-49a9-11eb-806e-000d3a38a36f
1382,300afe28-bedf-11ea-958c-000d3a38a36f
1383,1f243892-4d77-11ea-9c12-000d3a38a36f
1384,1e90b42a-5e0f-11ea-b81f-000d3a38a36f
1385,48598e72-9f86-11ea-80cd-000d3a38a36f
1386,a9442c42-b07b-11e9-9757-000d3a38a36f
1387,f85873d0-f138-11e9-9346-000d3a38a36f
1388,a0b2be52-50ff-11ea-99ba-000d3a38a36f
1389,7cc29df0-a187-11e9-a2fc-000d3a38a36f
1390,06a2ecd8-6e3b-11eb-99c4-000d3a38a36f
1391,7bed39ec-ab75-11e9-a2fc-000d3a38a36f
1392,fd4f625a-2390-11eb-aa63-000d3a38a36f
1393,e0870720-21a4-11ea-9618-000d3a38a36f
1394,d96b6eb6-e55a-11ea-b769-000d3a38a36f
1395,0da9ae80-a8f4-11e9-a2fc-000d3a38a36f
1396,0ebe5f68-b089-11e9-9757-000d3a38a36f
1397,fbe62a2e-e5cb-11e9-ad00-000d3a38a36f
1398,ae586bee-6a47-11eb-b5d7-000d3a38a36f
1399,e8c557b2-afe3-11e9-9757-000d3a38a36f
1400,77570484-97ca-11ea-9d91-000d3a38a36f
1401,672256be-256e-11ea-b1c8-000d3a38a36f
1402,45e9dede-29a3-11ea-b87a-000d3a38a36f
1403,aa4eb890-abea-11e9-a2fc-000d3a38a36f
1404,76947daa-aa0f-11e9-a2fc-000d3a38a36f
1405,393d3d26-aabd-11e9-a2fc-000d3a38a36f
1406,f540230e-23a7-11ea-8523-000d3a38a36f
1407,774e93d6-a8dc-11e9-a2fc-000d3a38a36f
1408,3b35b038-d193-11ea-b0fc-000d3a38a36f
1409,572d4f4e-63b6-11ea-a6dc-000d3a38a36f
1410,9f221960-53da-11ea-94d4-000d3a38a36f
1411,f6980b42-06e9-11eb-8ffc-000d3a38a36f
1412,bd4557dc-1369-11eb-8ffc-000d3a38a36f
1413,cf240c66-b20b-11e9-89fa-000d3a38a36f
1414,beb3d62a-1afe-11ea-98d5-000d3a38a36f
1415,48b3e19e-9750-11ea-a9c8-000d3a38a36f
1416,d34ac020-f80d-11ea-b38b-000d3a38a36f
1417,950acdea-5c27-11eb-8dbd-000d3a38a36f
1418,0f115e3c-a144-11ea-afff-000d3a38a36f
1419,75e05be8-e201-11e9-957d-000d3a38a36f
1420,5ce88140-9ee7-11e9-9897-000d3a38a36f
1421,d7421110-ab0b-11e9-a2fc-000d3a38a36f
1422,81a851ee-4397-11eb-806e-000d3a38a36f
1423,f06cfc38-18ff-11ea-9213-000d3a38a36f
1424,327d018e-a378-11e9-a2fc-000d3a38a36f
1425,108d129c-d660-11e9-93bc-000d3a38a36f
1426,99c5e07a-6521-11ea-bac7-000d3a38a36f
1427,02c605a4-993f-11ea-b97a-000d3a38a36f
1428,67b1719e-6314-11ea-a6dc-000d3a38a36f
1429,15b476ec-9d86-11e9-9897-000d3a38a36f
1430,6f48e270-afa0-11e9-a2fc-000d3a38a36f
1431,f1f89712-84e5-11eb-8a3c-000d3a38a36f
1432,1cd20794-af30-11e9-a2fc-000d3a38a36f
1433,6e020780-7ae1-11eb-8460-000d3a38a36f
1434,8ab4dba6-66c3-11ea-82da-000d3a38a36f
1435,e286ee2e-d630-11e9-93bc-000d3a38a36f
1436,b349f63a-734a-11ea-92d0-000d3a38a36f
1437,d414adca-f8d7-11ea-9564-000d3a38a36f
1438,a4ff063c-b154-11e9-9757-000d3a38a36f
1439,36da6de2-1f56-11eb-b272-000d3a38a36f
1440,3b6a6aa6-ab5d-11e9-a2fc-000d3a38a36f
1441,376dd144-6d27-11eb-99c4-000d3a38a36f
1442,77e69260-cc19-11ea-b305-000d3a38a36f
1443,97d05b1e-b05f-11e9-9757-000d3a38a36f
1444,d22dc3e2-623c-11eb-add3-000d3a38a36f
1445,81954900-a299-11e9-a2fc-000d3a38a36f
1446,d0038846-ae41-11e9-a2fc-000d3a38a36f
1447,e094abac-8a07-11ea-8ec0-000d3a38a36f
1448,3cba60ca-d6c1-11e9-93bc-000d3a38a36f
1449,2a05f002-2017-11eb-b272-000d3a38a36f
1450,b086e704-a26b-11eb-bd2d-000d3a38a36f
1451,850466c2-5be6-11eb-8dbd-000d3a38a36f
1452,087daaba-7189-11eb-a3e2-000d3a38a36f
1453,11e2bdae-533d-11ea-acd3-000d3a38a36f
1454,94e625d4-4365-11ea-8b43-000d3a38a36f
1455,78d4aa64-5341-11ea-acd3-000d3a38a36f
1456,777ff6c8-b6ec-11ea-b48c-000d3a38a36f
1457,12f83720-256e-11ea-b1c8-000d3a38a36f
1458,02ddf53a-d683-11e9-93bc-000d3a38a36f
1459,58d8f95a-2905-11eb-b280-000d3a38a36f
1460,1456f408-1e7f-11ea-aa32-000d3a38a36f
1461,ff2766ca-909d-11eb-bae6-000d3a38a36f
1462,e7c516fc-a225-11e9-a2fc-000d3a38a36f
1463,326e0b4e-ac78-11e9-a2fc-000d3a38a36f
1464,8ea235a0-ab21-11e9-a2fc-000d3a38a36f
1465,56a54414-af25-11e9-a2fc-000d3a38a36f
1466,5f510524-3243-11eb-9088-000d3a38a36f
1467,0179158a-aac8-11e9-a2fc-000d3a38a36f
1468,6955ef54-f8eb-11e9-b138-000d3a38a36f
1469,db6cc924-852a-11eb-bceb-000d3a38a36f
1470,6e58fdee-6302-11ea-a6dc-000d3a38a36f
1471,122df0a8-4b53-11eb-806e-000d3a38a36f
1472,048bbbe4-1cfe-11ea-a490-000d3a38a36f
1473,1bedafd4-7601-11ea-b23f-000d3a38a36f
1474,c6fb0a4c-f9a7-11e9-b138-000d3a38a36f
1475,d2ea6b2c-acbd-11e9-a2fc-000d3a38a36f
1476,811594f0-fb42-11ea-9564-000d3a38a36f
1477,bb7771fa-64a1-11ea-a507-000d3a38a36f
1478,2ac42ea4-9760-11ea-a9c8-000d3a38a36f
1479,1461b37c-5be0-11ea-a4d0-000d3a38a36f
1480,62b6f2a6-a1ac-11e9-a2fc-000d3a38a36f
1481,7dae6a30-b188-11e9-89fa-000d3a38a36f
1482,982c3758-49a8-11ea-8a4f-000d3a38a36f
1483,8d54c2e2-a0d8-11e9-a2fc-000d3a38a36f
1484,a28f883c-32f3-11eb-8e87-000d3a38a36f
1485,55002b0e-298e-11ea-b87a-000d3a38a36f
1486,7c426946-4b5f-11ea-a626-000d3a38a36f
1487,4f62505a-7235-11eb-aa44-000d3a38a36f
1488,4976592a-d614-11e9-93bc-000d3a38a36f
1489,5516508e-24e1-11ea-bf27-000d3a38a36f
1490,8f4827ce-f1c2-11ea-bde9-000d3a38a36f
1491,7ddd64f4-aa06-11e9-a2fc-000d3a38a36f
1492,4cd61b60-a5da-11e9-a2fc-000d3a38a36f
1493,a78a0a56-6a02-11eb-b5d7-000d3a38a36f
1494,055f4316-ab32-11ea-b736-000d3a38a36f
1495,4580cba8-1334-11eb-8ffc-000d3a38a36f
1496,6525e508-aace-11e9-a2fc-000d3a38a36f
1497,6e4a97f4-a6e7-11e9-a2fc-000d3a38a36f
1498,a1298130-4e99-11ea-99ba-000d3a38a36f
1499,e2e3578c-30b0-11eb-8deb-000d3a38a36f
1500,36c7cab4-bb9e-11ea-995f-000d3a38a36f
1501,c5a4ce94-a5b0-11e9-a2fc-000d3a38a36f
1502,6d4dfcda-d68d-11e9-93bc-000d3a38a36f
1503,f1a5fbfa-d628-11e9-93bc-000d3a38a36f
1504,dcd600b0-aa91-11ea-b736-000d3a38a36f
1505,b365ac8c-a58b-11e9-a2fc-000d3a38a36f
1506,a72903ac-6721-11eb-975c-000d3a38a36f
1507,3b08f95c-2d5c-11ea-827e-000d3a38a36f
1508,a00fc6dc-c9d3-11ea-a31e-000d3a38a36f
1509,a1c14ffc-a993-11e9-a2fc-000d3a38a36f
1510,41e5719e-a6a5-11e9-a2fc-000d3a38a36f
1511,6405102e-ddc1-11e9-a848-000d3a38a36f
1512,da3c046c-9ee9-11e9-9897-000d3a38a36f
1513,60544cc8-a820-11e9-a2fc-000d3a38a36f
1514,52e97e76-acf5-11e9-a2fc-000d3a38a36f
1515,d45a17c0-b017-11e9-9757-000d3a38a36f
1516,14a26312-a417-11e9-a2fc-000d3a38a36f
1517,4882f4be-8763-11ea-ace9-000d3a38a36f
1518,320aed90-2e30-11ea-9ad5-000d3a38a36f
1519,b205ee2e-9300-11eb-b584-000d3a38a36f
1520,18ea868e-c4fa-11ea-98f7-000d3a38a36f
1521,c672b388-d71d-11e9-93bc-000d3a38a36f
1522,78618bb6-1e57-11ea-8bf2-000d3a38a36f
1523,eaceaafa-6f85-11eb-bdb8-000d3a38a36f
1524,aff329d2-b645-11ea-b48c-000d3a38a36f
1525,2c636ed4-a0f6-11e9-a2fc-000d3a38a36f
1526,d92d77e2-9d0c-11e9-9897-000d3a38a36f
1527,946932be-a3cd-11e9-a2fc-000d3a38a36f
1528,79791fce-5439-11ea-b1db-000d3a38a36f
1529,2d08b5fc-a6b8-11e9-a2fc-000d3a38a36f
1530,d065cee0-5286-11ea-8850-000d3a38a36f
1531,f00bc534-183d-11ea-9213-000d3a38a36f
1532,744eb3b2-d697-11e9-93bc-000d3a38a36f
1533,2b9fe6b6-a7eb-11e9-a2fc-000d3a38a36f
1534,77c6f548-2743-11ea-aaaa-000d3a38a36f
1535,b13edaba-6ded-11eb-99c4-000d3a38a36f
1536,8172fccc-16d0-11eb-8d74-000d3a38a36f
1537,0d5973ba-d702-11ea-82f4-000d3a38a36f
1538,18265ec8-c67e-11ea-9bc9-000d3a38a36f
1539,ea0c0394-bbbf-11ea-9a91-000d3a38a36f
1540,948eca76-545b-11ea-b1db-000d3a38a36f
1541,83046b78-f342-11e9-9346-000d3a38a36f
1542,d80b26e2-87ea-11ea-ace9-000d3a38a36f
1543,43978078-d191-11ea-b0fc-000d3a38a36f
1544,8b829248-5b20-11ea-ba36-000d3a38a36f
1545,446dece4-88d0-11ea-9c02-000d3a38a36f
1546,8065d526-7fa8-11ea-80af-000d3a38a36f
1547,0c0f59b8-afb5-11e9-9757-000d3a38a36f
1548,67f73e58-6310-11ea-a6dc-000d3a38a36f
1549,b300607a-f130-11e9-9346-000d3a38a36f
1550,a49d05f0-a2e4-11e9-a2fc-000d3a38a36f
1551,bbc89b82-53be-11ea-abe0-000d3a38a36f
1552,44486302-51df-11ea-a243-000d3a38a36f
1553,a10b8592-544b-11ea-b1db-000d3a38a36f
1554,a3d12a60-319b-11eb-adfe-000d3a38a36f
1555,b651882c-2285-11ea-8523-000d3a38a36f
1556,c899bec6-1f21-11ea-87bf-000d3a38a36f
1557,9afdb674-2bdd-11eb-b280-000d3a38a36f
1558,0d0bea06-5bcd-11ea-a825-000d3a38a36f
1559,9318acb4-f134-11e9-9346-000d3a38a36f
1560,b704ec8a-45cc-11eb-806e-000d3a38a36f
1561,3f3f6852-288a-11ea-b87a-000d3a38a36f
1562,c887d78c-614e-11ea-8dd8-000d3a38a36f
1563,dc0f97a6-120a-11ea-916f-000d3a38a36f
1564,c18d9832-a712-11e9-a2fc-000d3a38a36f
1565,1cad5fb4-d633-11e9-93bc-000d3a38a36f
1566,fcd71318-2760-11ea-aaaa-000d3a38a36f
1567,d3db8f04-1358-11eb-8ffc-000d3a38a36f
1568,f68d7c5e-3e3f-11ea-b1ad-000d3a38a36f
1569,a484e7a4-9ba8-11eb-9c47-000d3a38a36f
1570,4de64de4-c9ca-11ea-a31e-000d3a38a36f
1571,3aa52386-afb8-11e9-9757-000d3a38a36f
1572,bcbf21b8-ee07-11e9-9346-000d3a38a36f
1573,4735760e-af55-11e9-a2fc-000d3a38a36f
1574,03be6bb2-1f60-11ea-87bf-000d3a38a36f
1575,9b203e1c-ac39-11e9-a2fc-000d3a38a36f
1576,2e8f31f6-1276-11ea-a001-000d3a38a36f
1577,bdc14b1e-5fed-11eb-9b71-000d3a38a36f
1578,2ad4a4e6-b057-11e9-9757-000d3a38a36f
1579,292258be-ae61-11eb-bbf8-000d3a38a36f
1580,b626f324-27b1-11ea-aaaa-000d3a38a36f
1581,334d94a4-1526-11eb-8ffc-000d3a38a36f
1582,0e67e440-95b0-11eb-b5c3-000d3a38a36f
1583,2d5c7718-bb99-11ea-aed7-000d3a38a36f
1584,2f07b836-cc18-11ea-b305-000d3a38a36f
1585,2ca88a6a-aa69-11e9-a2fc-000d3a38a36f
1586,60c478f4-186e-11ea-9213-000d3a38a36f
1587,a09b42b6-d86b-11e9-93bc-000d3a38a36f
1588,ac113478-521b-11ea-88d3-000d3a38a36f
1589,43271496-a2b7-11e9-a2fc-000d3a38a36f
1590,42fffc3a-63a5-11ea-a6dc-000d3a38a36f
1591,7f6b8a4c-aaad-11e9-a2fc-000d3a38a36f
1592,2c6b7052-244f-11ea-a30f-000d3a38a36f
1593,4faf6070-5dd1-11eb-8dbd-000d3a38a36f
1594,5cab8466-a504-11e9-a2fc-000d3a38a36f
1595,f796e0e8-aadf-11e9-a2fc-000d3a38a36f
1596,5ae04a6c-5bb7-11ea-9dc3-000d3a38a36f
1597,e20f9ec2-2ba4-11ea-853d-000d3a38a36f
1598,1857a5ea-5b40-11ea-80ae-000d3a38a36f
1599,8f775632-b05b-11ea-b736-000d3a38a36f
1600,15b08212-46af-11ea-b6c0-000d3a38a36f
1601,c1a9d6fe-5b9a-11ea-8c52-000d3a38a36f
1602,a0fe98b0-132c-11ea-a001-000d3a38a36f
1603,53af21f0-b216-11e9-89fa-000d3a38a36f
1604,c1d1894a-1eed-11ea-81ff-000d3a38a36f
1605,d3a5ebf4-f4dd-11ea-b013-000d3a38a36f
1606,105f3fd8-b0b7-11eb-bbf8-000d3a38a36f
1607,cf9b09bc-5277-11ea-956d-000d3a38a36f
1608,6262b9dc-f80b-11ea-a533-000d3a38a36f
1609,099ba066-5e6d-11eb-8dbd-000d3a38a36f
1610,48d79652-ad2c-11e9-a2fc-000d3a38a36f
1611,8e8063a4-acbf-11e9-a2fc-000d3a38a36f
1612,b7948fbc-3afe-11eb-a48e-000d3a38a36f
1613,f6127aba-aaef-11e9-a2fc-000d3a38a36f
1614,09ae6c5a-bd50-11ea-aa61-000d3a38a36f
1615,f8464cf2-4154-11ea-96d9-000d3a38a36f
1616,15e6ef20-a158-11e9-a2fc-000d3a38a36f
1617,94b5a298-5b42-11ea-88c2-000d3a38a36f
1618,71ddcd34-a3cf-11e9-a2fc-000d3a38a36f
1619,2020dc4c-2012-11ea-87bf-000d3a38a36f
1620,6ddc4282-b145-11e9-9757-000d3a38a36f
1621,a9933fe2-a952-11e9-a2fc-000d3a38a36f
1622,66fa439c-1ebe-11ea-aa32-000d3a38a36f
1623,6334fd50-b05b-11e9-9757-000d3a38a36f
1624,c5fbcc80-a1cd-11e9-a2fc-000d3a38a36f
1625,53798d5c-5bed-11ea-bbd5-000d3a38a36f
1626,a5d231aa-a28c-11e9-a2fc-000d3a38a36f
1627,82722ed2-be3c-11ea-aa61-000d3a38a36f
1628,5e8c37be-1ef6-11ea-81ff-000d3a38a36f
1629,be13eba0-4827-11ea-b6c0-000d3a38a36f
1630,4f4973f4-a4f6-11e9-a2fc-000d3a38a36f
1631,e9fea42a-8eeb-11ea-8f41-000d3a38a36f
1632,4fad5c3a-6b2e-11ea-9c62-000d3a38a36f
1633,3c6735e6-736d-11ea-92d0-000d3a38a36f
1634,d96adc3e-5bc2-11ea-a101-000d3a38a36f
1635,2f9e0d58-a438-11e9-a2fc-000d3a38a36f
1636,78c37862-a99f-11e9-a2fc-000d3a38a36f
1637,96b4aed0-2b5a-11ea-9d27-000d3a38a36f
1638,5afa1f38-70a1-11ea-95d1-000d3a38a36f
1639,ce872152-cd86-11ea-b1a6-000d3a38a36f
1640,b72c5e90-2413-11ea-a30f-000d3a38a36f
1641,e557bd9e-ac2e-11e9-a2fc-000d3a38a36f
1642,6d68d726-be0e-11ea-aa61-000d3a38a36f
1643,04901038-a411-11e9-a2fc-000d3a38a36f
1644,c6f210be-9d85-11e9-9897-000d3a38a36f
1645,481a841e-b003-11eb-bbf8-000d3a38a36f
1646,92c667ac-1177-11ea-9f3a-000d3a38a36f
1647,8388e810-1c33-11eb-8d74-000d3a38a36f
1648,9a524080-5b0b-11ea-bb4a-000d3a38a36f
1649,f3e5f47a-a454-11e9-a2fc-000d3a38a36f
1650,69fc3c42-13cb-11ea-a001-000d3a38a36f
1651,b6753218-fa53-11e9-b138-000d3a38a36f
1652,fd191918-4261-11ea-8b43-000d3a38a36f
1653,7818edd6-2341-11ea-8523-000d3a38a36f
1654,4d4c53a6-2358-11ea-8523-000d3a38a36f
1655,9553de5a-a1ab-11e9-a2fc-000d3a38a36f
1656,47a52344-213a-11ea-9618-000d3a38a36f
1657,db3c6da8-ab5e-11e9-a2fc-000d3a38a36f
1658,3005dccc-5459-11ea-b1db-000d3a38a36f
1659,49de2b4a-2f73-11eb-9c24-000d3a38a36f
1660,e2add7f0-57da-11eb-9e65-000d3a38a36f
1661,8a513242-a6eb-11e9-a2fc-000d3a38a36f
1662,e0b2a756-f12d-11e9-9346-000d3a38a36f
1663,be6ac792-074c-11eb-8ffc-000d3a38a36f
1664,b4b9fa3e-a427-11ea-bd63-000d3a38a36f
1665,a183c3ac-afdd-11ea-b736-000d3a38a36f
1666,0cea49f8-5f02-11eb-8dbd-000d3a38a36f
1667,68e4a222-27fc-11eb-8a9b-000d3a38a36f
1668,1af373d6-acbf-11e9-a2fc-000d3a38a36f
1669,c762a244-a81d-11eb-a6d3-000d3a299ebf
1670,de595f94-5bc8-11ea-9284-000d3a38a36f
1671,e7071682-2548-11eb-96ff-000d3a38a36f
1672,6f668972-d6c6-11e9-93bc-000d3a38a36f
1673,6836391a-a21c-11e9-a2fc-000d3a38a36f
1674,98ec989a-7d96-11eb-bd59-000d3a38a36f
1675,39d81470-4bbe-11ea-a626-000d3a38a36f
1676,38eb3626-eacb-11ea-9047-000d3a38a36f
1677,1c6bd404-6341-11ea-a6dc-000d3a38a36f
1678,eece52fa-6706-11ea-9d38-000d3a38a36f
1679,ae93ca48-8f29-11eb-8cb8-000d3a38a36f
1680,c56b4f74-6abd-11eb-b5d7-000d3a38a36f
1681,fa443836-e090-11e9-957d-000d3a38a36f
1682,8f413578-567b-11ea-b9b9-000d3a38a36f
1683,947a41b4-a416-11e9-a2fc-000d3a38a36f
1684,0cb4b7ca-2cee-11eb-ac5f-000d3a299ebf
1685,07a22e7c-5bd2-11ea-8c6f-000d3a38a36f
1686,77b8e6cc-a3f6-11e9-a2fc-000d3a38a36f
1687,59989f6c-12d1-11ea-a001-000d3a38a36f
1688,0c24fc44-2ac8-11ea-9d27-000d3a38a36f
1689,bcbf81ae-e15e-11e9-957d-000d3a38a36f
1690,ddd6b6e0-2845-11ea-b87a-000d3a38a36f
1691,0410c642-46ba-11ea-b6c0-000d3a38a36f
1692,8ed1e16e-a50a-11e9-a2fc-000d3a38a36f
1693,0ffdf370-d94c-11e9-93bc-000d3a38a36f
1694,9f6f6e18-33cc-11eb-9a15-000d3a38a36f
1695,06ad2530-ae0b-11eb-8f64-000d3a299ebf
1696,0f61b526-a9ce-11e9-a2fc-000d3a38a36f
1697,05ca4e72-d68f-11e9-93bc-000d3a38a36f
1698,656a7eea-adf6-11e9-a2fc-000d3a38a36f
1699,8970a244-5721-11eb-9e65-000d3a38a36f
1700,5e35fb4c-2e9f-11eb-a8d1-000d3a299ebf
1701,6e74c236-670d-11ea-9d38-000d3a38a36f
1702,d127f7d8-3483-11eb-9a15-000d3a38a36f
1703,bc0d2e9a-769b-11eb-bf95-000d3a38a36f
1704,5beee1a6-4c5e-11ea-a626-000d3a38a36f
1705,7090dfdc-600a-11ea-8dd8-000d3a38a36f
1706,bac6b7f8-1946-11ea-b6a2-000d3a38a36f
1707,bab23266-5f12-11eb-8dbd-000d3a38a36f
1708,178add48-af7a-11e9-a2fc-000d3a38a36f
1709,dfe73b40-623c-11ea-9d1a-000d3a38a36f
1710,5c399384-c5c8-11ea-8698-000d3a38a36f
1711,5ce900ac-526f-11ea-956d-000d3a38a36f
1712,b69ed95a-a6a3-11e9-a2fc-000d3a38a36f
1713,c2ea2b78-b135-11e9-9757-000d3a38a36f
1714,5312c8be-b03b-11e9-9757-000d3a38a36f
1715,cef0a134-6d1b-11ea-84a8-000d3a38a36f
1716,e53e04a4-2602-11eb-8a9b-000d3a38a36f
1717,ae1e6b8a-bbb8-11ea-a0c9-000d3a38a36f
1718,da2c35b0-51ad-11ea-a243-000d3a38a36f
1719,18e746be-70c1-11ea-91b2-000d3a38a36f
1720,bff1a1aa-d65e-11e9-93bc-000d3a38a36f
1721,24541470-9f28-11e9-9897-000d3a38a36f
1722,0c5bf524-a7c3-11e9-a2fc-000d3a38a36f
1723,bdd91a66-3cb4-11eb-a48e-000d3a38a36f
1724,a16d79e0-52e4-11ea-9ade-000d3a38a36f
1725,af07fb82-a152-11e9-a2fc-000d3a38a36f
1726,f6c53e16-c81c-11ea-a167-000d3a38a36f
1727,4730571c-5b0a-11ea-a192-000d3a38a36f
1728,3ed833a4-97b5-11ea-9d91-000d3a38a36f
1729,b1b933c6-ddcc-11e9-a848-000d3a38a36f
1730,6c4e8178-4f50-11eb-806e-000d3a38a36f
1731,cac961de-ac10-11ea-b736-000d3a38a36f
1732,369dd546-f5ba-11ea-a533-000d3a38a36f
1733,fa43b032-23f2-11ea-8523-000d3a38a36f
1734,993212f0-4126-11eb-806e-000d3a38a36f
1735,352b2622-a9fe-11e9-a2fc-000d3a38a36f
1736,091f02ce-aeea-11e9-a2fc-000d3a38a36f
1737,7cc254d6-2502-11ea-bf27-000d3a38a36f
1738,4a0abb04-2c65-11ea-b752-000d3a38a36f
1739,3412d618-2983-11ea-b87a-000d3a38a36f
1740,4b6a0fb2-2414-11ea-a30f-000d3a38a36f
1741,694973cc-d623-11e9-93bc-000d3a38a36f
1742,77aef642-aa60-11e9-a2fc-000d3a38a36f
1743,93389974-5b2a-11ea-8b00-000d3a38a36f
1744,60c78778-a9de-11e9-a2fc-000d3a38a36f
1745,51fb994e-d6fe-11e9-93bc-000d3a38a36f
1746,3b3abf1e-2b9f-11ea-853d-000d3a38a36f
1747,dc47ab98-f7e1-11e9-841e-000d3a38a36f
1748,1ef9af74-2594-11ea-b1c8-000d3a38a36f
1749,7322766a-3f81-11ea-b794-000d3a38a36f
1750,cd139e88-a567-11e9-a2fc-000d3a38a36f
1751,676521a6-1fd8-11ea-87bf-000d3a38a36f
1752,73bb8d64-d67c-11e9-93bc-000d3a38a36f
1753,8470294c-752a-11ea-b23f-000d3a38a36f
1754,471cccdc-0952-11eb-8ffc-000d3a38a36f
1755,6ec17b74-8cc1-11ea-8f41-000d3a38a36f
1756,f3e608c0-2005-11ea-87bf-000d3a38a36f
1757,9b8e3d42-187e-11eb-8d74-000d3a38a36f
1758,700127da-72e2-11ea-92d0-000d3a38a36f
1759,39a92e76-9b1e-11ea-a27a-000d3a38a36f
1760,506d7a64-5bad-11ea-92cf-000d3a38a36f
1761,8bcef146-fcc1-11e9-a5e8-000d3a38a36f
1762,0574ac66-3c96-11ea-b550-000d3a38a36f
1763,42fd7290-7f00-11eb-b666-000d3a38a36f
1764,9e0a2474-136a-11ea-a001-000d3a38a36f
1765,76e4c7ee-a5da-11e9-a2fc-000d3a38a36f
1766,eebfae64-2834-11ea-a043-000d3a38a36f
1767,d40056a0-ab57-11e9-a2fc-000d3a38a36f
1768,4b34ca7a-483e-11ea-b6c0-000d3a38a36f
1769,45ae5698-5684-11eb-9e65-000d3a38a36f
1770,41c16660-8b91-11ea-8ec0-000d3a38a36f
1771,38853126-f775-11ea-a533-000d3a38a36f
1772,b4613952-a24e-11e9-a2fc-000d3a38a36f
1773,281de960-d6ea-11e9-93bc-000d3a38a36f
1774,b938fd34-5e9b-11ea-be5b-000d3a38a36f
1775,945d2c8e-65a6-11eb-add3-000d3a38a36f
1776,e97b0d38-1481-11eb-8ffc-000d3a38a36f
1777,2d39285e-9ac2-11eb-9c47-000d3a38a36f
1778,edc5e5d6-136d-11ea-a001-000d3a38a36f
1779,bd457370-a82b-11e9-a2fc-000d3a38a36f
1780,307bdab0-b055-11e9-9757-000d3a38a36f
1781,ebf7d776-2f0c-11eb-86bc-000d3a299ebf
1782,b31443aa-2228-11ea-8523-000d3a38a36f
1783,8180f6d2-ee0f-11e9-9346-000d3a38a36f
1784,fc534454-b35f-11e9-a043-000d3a38a36f
1785,aa735b9c-a54a-11e9-a2fc-000d3a38a36f
1786,02c1681e-d6e9-11e9-93bc-000d3a38a36f
1787,f6a2096c-ab87-11e9-a2fc-000d3a38a36f
1788,15e9749c-d683-11e9-93bc-000d3a38a36f
1789,fc755700-1f17-11ea-87bf-000d3a38a36f
1790,84edb7e8-35c5-11eb-9a15-000d3a38a36f
1791,55747b2c-9ef0-11e9-9897-000d3a38a36f
1792,30f02290-dde5-11e9-a848-000d3a38a36f
1793,818600f6-5b9b-11ea-ba5c-000d3a38a36f
1794,2256067a-7a87-11ea-8f20-000d3a38a36f
1795,a147adf4-b1af-11e9-89fa-000d3a38a36f
1796,6c9d5092-d651-11e9-93bc-000d3a38a36f
1797,e6783628-414c-11ea-96d9-000d3a38a36f
1798,741362d4-7053-11ea-b40c-000d3a38a36f
1799,04937794-508e-11ea-99ba-000d3a38a36f
1800,c5ec20d0-ffb2-11e9-a5e8-000d3a38a36f
1801,09f05e5c-8416-11eb-b62d-000d3a38a36f
1802,c14a6122-a5cb-11e9-a2fc-000d3a38a36f
1803,1031f39c-5baf-11ea-a0d1-000d3a38a36f
1804,8f537b44-8ae0-11eb-84a8-000d3a38a36f
1805,2cc8cce2-ac4b-11e9-a2fc-000d3a38a36f
1806,16ddc40a-b14a-11ea-b736-000d3a38a36f
1807,adbd00fc-6294-11ea-9861-000d3a38a36f
1808,44c9d4d6-974f-11ea-a9c8-000d3a38a36f
1809,069d397a-a9aa-11e9-a2fc-000d3a38a36f
1810,da422576-a6e2-11e9-a2fc-000d3a38a36f
1811,947d8eb0-d70a-11e9-93bc-000d3a38a36f
1812,fcb5f320-5336-11ea-acd3-000d3a38a36f
1813,2926e518-df0f-11ea-9c1f-000d3a38a36f
1814,94204bce-397f-11ea-85d6-000d3a38a36f
1815,f1151eb6-53c6-11ea-abe0-000d3a38a36f
1816,bb18e094-51c3-11eb-806e-000d3a38a36f
1817,d763ec38-1337-11ea-a001-000d3a38a36f
1818,88cb9776-a373-11e9-a2fc-000d3a38a36f
1819,c91a4cbe-3bca-11eb-a48e-000d3a38a36f
1820,f8b113b2-6263-11eb-add3-000d3a38a36f
1821,943d34fa-ab8b-11e9-a2fc-000d3a38a36f
1822,330a2286-31f6-11eb-860c-000d3a38a36f
1823,2278a084-ca48-11ea-a31e-000d3a38a36f
1824,318e6c94-bc5a-11ea-aa61-000d3a38a36f
1825,feabc280-7286-11ea-adca-000d3a38a36f
1826,6f3eb80e-fa5a-11e9-b138-000d3a38a36f
1827,47b14ce6-9755-11ea-a9c8-000d3a38a36f
1828,d6ec9920-5bcc-11ea-b301-000d3a38a36f
1829,3c0d1ac4-8d4f-11ea-8f41-000d3a38a36f
1830,c5ca2f3a-a7ea-11ea-bd63-000d3a38a36f
1831,db15d890-ae20-11e9-a2fc-000d3a38a36f
1832,7faeeeca-8cae-11ea-8f41-000d3a38a36f
1833,f9ae23b8-2bff-11ea-91ab-000d3a38a36f
1834,78fffd8c-a9c2-11e9-a2fc-000d3a38a36f
1835,4c2b94ac-5411-11ea-b1db-000d3a38a36f
1836,ba725440-af8f-11e9-a2fc-000d3a38a36f
1837,7c5db788-5b08-11ea-a803-000d3a38a36f
1838,1a044750-d6ec-11e9-93bc-000d3a38a36f
1839,e10f1ed0-52f5-11ea-9ade-000d3a38a36f
1840,d5b6e2a0-5b30-11ea-8d75-000d3a38a36f
1841,912bd806-9898-11eb-9c47-000d3a38a36f
1842,68bb698c-1206-11ea-916f-000d3a38a36f
1843,169a12f4-ad37-11e9-a2fc-000d3a38a36f
1844,771b6504-a0a9-11ea-9d0a-000d3a38a36f
1845,a2800368-b1f7-11e9-89fa-000d3a38a36f
1846,e7fcac9c-aab4-11e9-a2fc-000d3a38a36f
1847,8a3c5fa8-f743-11ea-a533-000d3a38a36f
1848,d7d8884c-5b29-11ea-a226-000d3a38a36f
1849,a3b65e88-1842-11ea-9213-000d3a38a36f
1850,3ff9a700-a24b-11e9-a2fc-000d3a38a36f
1851,96dec120-e22a-11ea-8839-000d3a38a36f
1852,cbd8b8cc-29a2-11ea-b87a-000d3a38a36f
1853,05d82298-9b58-11ea-a27a-000d3a38a36f
1854,fb86e5d8-ab9b-11e9-a2fc-000d3a38a36f
1855,d23aa720-a96e-11e9-a2fc-000d3a38a36f
1856,a0ba1164-a229-11e9-a2fc-000d3a38a36f
1857,558f1c74-ac7a-11e9-a2fc-000d3a38a36f
1858,c25e5ebc-fb95-11ea-9564-000d3a38a36f
1859,95cc7530-5bc4-11ea-81ca-000d3a38a36f
1860,c0320ee6-bf76-11ea-a18f-000d3a38a36f
1861,cf10443e-51e2-11ea-a243-000d3a38a36f
1862,70b54f90-44e2-11ea-acaf-000d3a38a36f
1863,89937566-1c59-11ea-a490-000d3a38a36f
1864,d8a53926-22a9-11eb-99f8-000d3a38a36f
1865,6cd9cf4e-add0-11e9-a2fc-000d3a38a36f
1866,8a098678-61c5-11ea-8dd8-000d3a38a36f
1867,1b3e3f9a-f351-11ea-b013-000d3a38a36f
1868,24a8490c-d67b-11e9-93bc-000d3a38a36f
1869,845aea48-8be9-11ea-8ec0-000d3a38a36f
1870,9a0e8088-21b4-11ea-9618-000d3a38a36f
1871,efb2dd70-5ec9-11ea-be5b-000d3a38a36f
1872,79261ffc-5422-11ea-b1db-000d3a38a36f
1873,fac65956-bd80-11ea-aa61-000d3a38a36f
1874,b69012f4-e824-11e9-8bb8-000d3a38a36f
1875,4de278b6-7b16-11ea-8f20-000d3a38a36f
1876,413c8242-1386-11eb-8ffc-000d3a38a36f
1877,a17f4156-2540-11ea-bf27-000d3a38a36f
1878,6b272a80-dbe6-11ea-a0af-000d3a38a36f
1879,60b6f656-9f52-11e9-9897-000d3a38a36f
1880,5fe84ef4-a246-11e9-a2fc-000d3a38a36f
1881,5edd4a7e-6473-11ea-a507-000d3a38a36f
1882,dfdce232-1b31-11ea-a050-000d3a38a36f
1883,fb99522c-563b-11ea-b9b9-000d3a38a36f
1884,2b1d9c98-53e8-11ea-94d4-000d3a38a36f
1885,e5c8e872-a5d3-11e9-a2fc-000d3a38a36f
1886,8097e5a8-b4a3-11eb-801d-000d3a38a36f
1887,ca77a950-ad99-11e9-a2fc-000d3a38a36f
1888,29467ae0-b089-11ea-b736-000d3a38a36f
1889,8d53eac4-fefd-11e9-a5e8-000d3a38a36f
1890,48c41c88-120f-11ea-a001-000d3a38a36f
1891,60b9059e-3df0-11ea-9e19-000d3a38a36f
1892,93126a80-b07e-11e9-9757-000d3a38a36f
1893,9c5b02da-492d-11ea-bf43-000d3a38a36f
1894,e135eef4-5bd6-11ea-96be-000d3a38a36f
1895,2e3166b0-61eb-11ea-8dd8-000d3a38a36f
1896,2fe5a606-ded3-11e9-957d-000d3a38a36f
1897,80cae25e-48e8-11eb-806e-000d3a38a36f
1898,de99915c-8cdf-11ea-8f41-000d3a38a36f
1899,15ad2b5a-49ae-11eb-806e-000d3a38a36f
1900,ef99db68-5b90-11ea-b0e4-000d3a38a36f
1901,c1800c2e-6540-11eb-add3-000d3a38a36f
1902,dc53c70e-f979-11e9-b138-000d3a38a36f
1903,d4f505e2-ae7c-11e9-a2fc-000d3a38a36f
1904,f44237c8-a19b-11e9-a2fc-000d3a38a36f
1905,cb05382c-5eb2-11ea-be5b-000d3a38a36f
1906,fcbc5520-9e9f-11eb-9c47-000d3a38a36f
1907,ebd24898-aae8-11e9-a2fc-000d3a38a36f
1908,2e9ebbce-5bcf-11ea-8866-000d3a38a36f
1909,d54cfa28-410b-11ea-8359-000d3a38a36f
1910,d2e4ef96-ff26-11ea-9792-000d3a38a36f
1911,ea1a55a6-ae5b-11e9-a2fc-000d3a38a36f
1912,e6ae1d38-a854-11e9-a2fc-000d3a38a36f
1913,de7955f4-6313-11ea-a6dc-000d3a38a36f
1914,2fc99bd4-220b-11ea-ba6f-000d3a38a36f
1915,2e7720d8-52fa-11ea-9ade-000d3a38a36f
1916,a3460fa6-2702-11ea-aaaa-000d3a38a36f
1917,92e8ebc6-f30c-11e9-9346-000d3a38a36f
1918,e813a244-5e9b-11ea-be5b-000d3a38a36f
1919,8d7ce10e-1f00-11ea-81ff-000d3a38a36f
1920,fc846c02-5bcd-11ea-936d-000d3a38a36f
1921,e25e398c-6304-11ea-a6dc-000d3a38a36f
1922,46bfbc7c-daf9-11ea-a65b-000d3a38a36f
1923,62236c9e-5b37-11ea-a351-000d3a38a36f
1924,fc407928-af95-11e9-a2fc-000d3a38a36f
1925,a1d14f94-52f6-11ea-9ade-000d3a38a36f
1926,2d4a5520-ae9c-11e9-a2fc-000d3a38a36f
1927,cd422be2-cc1f-11ea-b305-000d3a38a36f
1928,53905f18-5b53-11ea-ae40-000d3a38a36f
1929,70a63eea-5b28-11ea-916a-000d3a38a36f
1930,f931e0dc-b175-11e9-89fa-000d3a38a36f
1931,54694768-74fa-11ea-bb48-000d3a38a36f
1932,3880fe94-9f4c-11e9-9897-000d3a38a36f
1933,c09dddd4-58d6-11eb-9e65-000d3a38a36f
1934,94b26692-ab79-11e9-a2fc-000d3a38a36f
1935,f8e245f0-9c9c-11ea-a27a-000d3a38a36f
1936,5d9bc584-e531-11ea-b769-000d3a38a36f
1937,7b9ea0f6-b16b-11e9-89fa-000d3a38a36f
1938,d3cdd40e-190d-11ea-9213-000d3a38a36f
1939,d3d90802-ac88-11e9-a2fc-000d3a38a36f
1940,eb59e2b4-abe5-11ea-b736-000d3a38a36f
1941,96836ce6-bbb8-11ea-a0c9-000d3a38a36f
1942,0e5836c2-d69d-11e9-93bc-000d3a38a36f
1943,a9a73efe-5b48-11ea-8bc1-000d3a38a36f
1944,1c8f71e0-56a1-11ea-b9b9-000d3a38a36f
1945,db6a0a8e-6cf0-11ea-b576-000d3a38a36f
1946,a28888d2-b015-11e9-9757-000d3a38a36f
1947,fe2fa08e-60c4-11ea-8dd8-000d3a38a36f
1948,26308442-bfa5-11ea-9c44-000d3a38a36f
1949,05396bb6-a456-11e9-a2fc-000d3a38a36f
1950,28af2610-51d2-11ea-a243-000d3a38a36f
1951,9cb6ab7c-5b3d-11ea-b93c-000d3a38a36f
1952,ff8b0dae-29f8-11ea-87cc-000d3a38a36f
1953,097f5c80-4f32-11ea-99ba-000d3a38a36f
1954,e65fb4a8-b214-11e9-89fa-000d3a38a36f
1955,2e4c0cd2-4de5-11ea-9655-000d3a38a36f
1956,7bf8b81c-d7ad-11e9-93bc-000d3a38a36f
1957,578ca62a-a501-11e9-a2fc-000d3a38a36f
1958,de03e994-a938-11e9-a2fc-000d3a38a36f
1959,fb086190-533e-11ea-acd3-000d3a38a36f
1960,1ce8fba0-ac03-11e9-a2fc-000d3a38a36f
1961,978bfbe4-d667-11e9-93bc-000d3a38a36f
1962,3d0a3278-5437-11ea-b1db-000d3a38a36f
1963,a8ebbad4-594a-11eb-9e65-000d3a38a36f
1964,1f360d0a-a46d-11e9-a2fc-000d3a38a36f
1965,a356410e-a16b-11e9-a2fc-000d3a38a36f
1966,355a037a-19c4-11eb-8d74-000d3a38a36f
1967,b5371866-af0e-11e9-a2fc-000d3a38a36f
1968,0f5c2fc4-1d3d-11ea-a490-000d3a38a36f
1969,7ea8c78a-f68b-11e9-841e-000d3a38a36f
1970,c30b61ae-c763-11ea-b486-000d3a38a36f
1971,7bdccb84-b507-11e9-9c4b-000d3a38a36f
1972,593fb894-b105-11e9-9757-000d3a38a36f
1973,fc353520-320e-11eb-860c-000d3a38a36f
1974,76e60e30-28af-11ea-b87a-000d3a38a36f
1975,4e79e150-86a7-11ea-b356-000d3a38a36f
1976,a5cd2d46-a588-11e9-a2fc-000d3a38a36f
1977,9c36b952-5efd-11eb-8dbd-000d3a38a36f
1978,bfe4decc-6392-11ea-a6dc-000d3a38a36f
1979,fa338324-b02a-11e9-9757-000d3a38a36f
1980,4079b0fc-d681-11e9-93bc-000d3a38a36f
1981,033b544e-1631-11ea-aa74-000d3a38a36f
1982,6201cf2a-a968-11e9-a2fc-000d3a38a36f
1983,03ba116e-5bc6-11ea-899b-000d3a38a36f
1984,c8eedd36-5b0b-11ea-b4a7-000d3a38a36f
1985,53771782-9dbd-11e9-9897-000d3a38a36f
1986,041ef330-1d3d-11ea-a490-000d3a38a36f
1987,89cc504e-9cf0-11ea-a27a-000d3a38a36f
1988,e3a7491e-60d9-11ea-8dd8-000d3a38a36f
1989,fe93553a-abc7-11eb-8f64-000d3a299ebf
1990,463850ea-b019-11e9-9757-000d3a38a36f
1991,8990caee-a5d6-11ea-bd63-000d3a38a36f
1992,3cd89598-1e8e-11eb-9dc3-000d3a38a36f
1993,7604ee6a-da39-11e9-93bc-000d3a38a36f
1994,e5c6722a-7735-11ea-96da-000d3a38a36f
1995,1a3aecd8-52f2-11ea-9ade-000d3a38a36f
1996,b790a73a-66e6-11eb-975c-000d3a38a36f
1997,ff004e9a-9e3d-11e9-9897-000d3a38a36f
1998,1981e95a-2957-11ea-b87a-000d3a38a36f
1999,10af76ca-a3a7-11e9-a2fc-000d3a38a36f
2000,42a6c718-5bf4-11ea-8384-000d3a38a36f
2001,9c50929a-21dc-11eb-99f8-000d3a38a36f
2002,e764cfcc-2c1d-11ea-91ab-000d3a38a36f
2003,820b978c-31ee-11eb-860c-000d3a38a36f
2004,fac91f94-a24f-11e9-a2fc-000d3a38a36f
2005,4819b498-5321-11ea-acd3-000d3a38a36f
2006,76d590f6-4474-11ea-8b43-000d3a38a36f
2007,0fa08c24-30dd-11ea-b162-000d3a38a36f
2008,1246b76e-4441-11eb-806e-000d3a38a36f
2009,78512932-16c3-11eb-8d74-000d3a38a36f
2010,4146e988-3e36-11ea-b1ad-000d3a38a36f
2011,7aef2318-253f-11ea-bf27-000d3a38a36f
2012,5fb00adc-ac26-11e9-a2fc-000d3a38a36f
2013,683e7d4e-1212-11ea-a001-000d3a38a36f
2014,18184278-1dce-11eb-8d74-000d3a38a36f
2015,1a7da362-d885-11e9-93bc-000d3a38a36f
2016,7ca20514-2ed5-11ea-8467-000d3a38a36f
2017,e033774a-8134-11eb-b416-000d3a38a36f
2018,0e39aff0-461d-11ea-b6c0-000d3a38a36f
2019,dcb3aab6-a168-11e9-a2fc-000d3a38a36f
2020,1caf75ce-519e-11ea-a243-000d3a38a36f
2021,47cd1876-1b00-11ea-98d5-000d3a38a36f
2022,7f97d294-d6bf-11e9-93bc-000d3a38a36f
2023,dc8b2e06-a401-11e9-a2fc-000d3a38a36f
2024,cfb46f44-94c4-11ea-85df-000d3a38a36f
2025,e7dae6ec-9f47-11ea-80cd-000d3a38a36f
2026,737c6a06-5446-11ea-b1db-000d3a38a36f
2027,230d54bc-49ac-11ea-8a4f-000d3a38a36f
2028,34df71c4-3efd-11eb-806e-000d3a38a36f
2029,6b64067c-9810-11ea-9d91-000d3a38a36f
2030,93aa8206-1361-11eb-8ffc-000d3a38a36f
2031,1bd05ae0-5b55-11ea-b021-000d3a38a36f
2032,c786013a-6629-11ea-82da-000d3a38a36f
2033,135f1660-2376-11ea-8523-000d3a38a36f
2034,8dd791f0-1332-11ea-a001-000d3a38a36f
2035,e2c56d40-595e-11eb-9e65-000d3a38a36f
2036,084ad668-5bae-11ea-9e58-000d3a38a36f
2037,75755c3c-98e8-11ea-b97a-000d3a38a36f
2038,95ba7d78-2bd9-11ea-91ab-000d3a38a36f
2039,6092262a-fe5e-11ea-a657-000d3a38a36f
2040,e91a08f6-dde3-11e9-a848-000d3a38a36f
2041,95b66ac2-b016-11eb-bbf8-000d3a38a36f
2042,cbdea26a-57f9-11eb-9e65-000d3a38a36f
2043,10559dec-1956-11ea-b6a2-000d3a38a36f
2044,2f73078c-b1d7-11e9-89fa-000d3a38a36f
2045,f1a91674-3ff9-11ea-aa6b-000d3a38a36f
2046,607f3e8e-4a9e-11eb-806e-000d3a38a36f
2047,3582a194-4a17-11eb-806e-000d3a38a36f
2048,e33ecf00-557b-11eb-9e65-000d3a38a36f
2049,6bad3614-aa66-11e9-a2fc-000d3a38a36f
2050,dc0f0438-66bc-11ea-82da-000d3a38a36f
2051,73dbc3ba-1f72-11ea-87bf-000d3a38a36f
2052,1886236c-7408-11ea-92d0-000d3a38a36f
2053,6686c894-a5b1-11e9-a2fc-000d3a38a36f
2054,8d8b20a8-ea9c-11ea-9047-000d3a38a36f
2055,3fd7beb4-cc1c-11ea-b305-000d3a38a36f
2056,c3de78c0-7068-11ea-8369-000d3a38a36f
2057,f3ff13fc-fe30-11e9-a5e8-000d3a38a36f
2058,37515134-5b05-11ea-9762-000d3a38a36f
2059,4865bbe6-63c3-11eb-add3-000d3a38a36f
2060,413d2016-1e9b-11ea-aa32-000d3a38a36f
2061,25be81c2-e547-11ea-b769-000d3a38a36f
2062,429d2888-44bc-11ea-8b43-000d3a38a36f
2063,a345686a-e45b-11e9-ad00-000d3a38a36f
2064,0fe01206-1e66-11ea-aa32-000d3a38a36f
2065,2eb3eb2c-edff-11e9-9346-000d3a38a36f
2066,18758640-d612-11e9-93bc-000d3a38a36f
2067,e69eec24-e47a-11ea-b769-000d3a38a36f
2068,8a021212-664d-11ea-82da-000d3a38a36f
2069,546cdcd8-8bee-11ea-8ec0-000d3a38a36f
2070,515df66c-a1ed-11e9-a2fc-000d3a38a36f
2071,d90864c6-a1ba-11ea-9c18-000d3a38a36f
2072,af94cf0e-a96c-11e9-a2fc-000d3a38a36f
2073,b16bd4cc-97db-11ea-9d91-000d3a38a36f
2074,ed3979ea-1feb-11ea-87bf-000d3a38a36f
2075,575ba20e-aa11-11e9-a2fc-000d3a38a36f
2076,4c7a28a8-5301-11ea-9ade-000d3a38a36f
2077,9f79fa22-a8a9-11e9-a2fc-000d3a38a36f
2078,699103d2-a229-11e9-a2fc-000d3a38a36f
2079,c3cf887a-2561-11eb-81ae-000d3a38a36f
2080,3df4f572-aa98-11e9-a2fc-000d3a38a36f
2081,61033cca-66ec-11ea-82da-000d3a38a36f
2082,71d948a4-d61f-11e9-93bc-000d3a38a36f
2083,8196d5a4-7854-11ea-a036-000d3a38a36f
2084,d0d67204-28f0-11ea-b87a-000d3a38a36f
2085,7f9f4caa-a176-11e9-a2fc-000d3a38a36f
2086,6992a954-afc5-11e9-9757-000d3a38a36f
2087,4a72cd08-4923-11eb-806e-000d3a38a36f
2088,efb916ac-a714-11ea-bd63-000d3a38a36f
2089,b47f4254-ff27-11e9-a5e8-000d3a38a36f
2090,20ce634e-3039-11ea-bb28-000d3a38a36f
2091,0d563bf6-ab38-11e9-a2fc-000d3a38a36f
2092,fe8193a2-3ac7-11eb-a48e-000d3a38a36f
2093,5d4a3de2-4917-11ea-b6c0-000d3a38a36f
2094,786ffbf6-beac-11ea-958c-000d3a38a36f
2095,5b6adeac-b728-11eb-801d-000d3a38a36f
2096,427a101e-a886-11e9-a2fc-000d3a38a36f
2097,6bf01710-b4f5-11e9-9c4b-000d3a38a36f
2098,7fda0324-1ffa-11ea-87bf-000d3a38a36f
2099,07200298-418d-11eb-806e-000d3a38a36f
2100,105c5046-61d2-11ea-8dd8-000d3a38a36f
2101,6ad5e73e-a6ab-11eb-a6d3-000d3a299ebf
2102,c03ce86c-aaf9-11e9-a2fc-000d3a38a36f
2103,ffcd5ade-edfc-11e9-9346-000d3a38a36f
2104,5ca4920e-5bd0-11ea-9ae2-000d3a38a36f
2105,7c9b3e10-72db-11ea-92d0-000d3a38a36f
2106,56580f7c-a3eb-11e9-a2fc-000d3a38a36f
2107,ff171faa-87c9-11ea-ace9-000d3a38a36f
2108,d97fadf0-aa13-11e9-a2fc-000d3a38a36f
2109,ec5e0cb2-6099-11eb-9b71-000d3a38a36f
2110,157f926c-2b0a-11ea-9d27-000d3a38a36f
2111,67a6eb54-a1e3-11e9-a2fc-000d3a38a36f
2112,392f90d8-b1e1-11e9-89fa-000d3a38a36f
2113,944a8a7c-a8cc-11e9-a2fc-000d3a38a36f
2114,badcbd94-bb96-11ea-aed7-000d3a38a36f
2115,56b7fff0-5b05-11ea-a63d-000d3a38a36f
2116,35bb1806-c133-11eb-8ef5-000d3a38a36f
2117,733ff2de-4e5a-11ea-99ba-000d3a38a36f
2118,a6b14ee4-6d20-11ea-84a8-000d3a38a36f
2119,59566560-6579-11eb-add3-000d3a38a36f
2120,b751fa98-1377-11eb-8ffc-000d3a38a36f
2121,00fa3c44-748c-11eb-8577-000d3a38a36f
2122,2d8d62f4-2c0d-11ea-91ab-000d3a38a36f
2123,3d033958-9e7c-11e9-9897-000d3a38a36f
2124,b1df58f4-f8d7-11ea-9564-000d3a38a36f
2125,199024ec-bfad-11ea-9c44-000d3a38a36f
2126,1c7c6a1e-ddc5-11e9-a848-000d3a38a36f
2127,e6ac73fc-61fe-11ea-8dd8-000d3a38a36f
2128,d09d8ee0-a324-11ea-9c18-000d3a38a36f
2129,481a1f9e-9f9b-11e9-a2fc-000d3a38a36f
2130,331c38b0-a2e9-11e9-a2fc-000d3a38a36f
2131,7408f952-2b16-11ea-9d27-000d3a38a36f
2132,39e123aa-94c3-11ea-85df-000d3a38a36f
2133,d13567fe-afde-11e9-9757-000d3a38a36f
2134,4ed84e34-ad45-11e9-a2fc-000d3a38a36f
2135,f5618bb6-ac0b-11e9-a2fc-000d3a38a36f
2136,1255e3d2-a533-11e9-a2fc-000d3a38a36f
2137,7fb01f28-af20-11e9-a2fc-000d3a38a36f
2138,fc32cfce-469f-11eb-806e-000d3a38a36f
2139,f6fd9968-1d04-11eb-8d74-000d3a38a36f
2140,cb6e3138-60c9-11ea-8dd8-000d3a38a36f
2141,1ac2b82a-5b9e-11ea-a09c-000d3a38a36f
2142,27da4fea-5659-11ea-b9b9-000d3a38a36f
2143,b14a0a24-28e4-11ea-b87a-000d3a38a36f
2144,09bcde3c-26d5-11ea-aaaa-000d3a38a36f
2145,8a49679c-8d5e-11ea-8f41-000d3a38a36f
2146,f19f94b2-2822-11ea-a043-000d3a38a36f
2147,2b9598a4-c9e2-11ea-a31e-000d3a38a36f
2148,2651e54a-b20b-11e9-89fa-000d3a38a36f
2149,40ada436-62f2-11ea-a6dc-000d3a38a36f
2150,ea3e53c2-5b42-11ea-9d4c-000d3a38a36f
2151,6f028950-738b-11eb-befc-000d3a38a36f
2152,662083c8-aa42-11e9-a2fc-000d3a38a36f
2153,aa09e9c8-ab3f-11e9-a2fc-000d3a38a36f
2154,acf0e61e-a3fb-11e9-a2fc-000d3a38a36f
2155,99054e3e-a8c3-11e9-a2fc-000d3a38a36f
2156,1591a4c6-6d0d-11ea-84a8-000d3a38a36f
2157,6fdd6abc-ab7c-11e9-a2fc-000d3a38a36f
2158,c81fc4da-aab0-11e9-a2fc-000d3a38a36f
2159,b6906bde-a5c9-11e9-a2fc-000d3a38a36f
2160,b8243802-575e-11eb-9e65-000d3a38a36f
2161,77f2231c-23bf-11ea-8523-000d3a38a36f
2162,7ce4ab44-9893-11ea-b97a-000d3a38a36f
2163,02df20e8-da31-11e9-93bc-000d3a38a36f
2164,a48b47e4-3172-11ea-b884-000d3a38a36f
2165,ffc1b6b2-655a-11eb-add3-000d3a38a36f
2166,f0830e88-5b21-11ea-9e0f-000d3a38a36f
2167,a4338f6a-dfad-11ea-9c1f-000d3a38a36f
2168,2d971f16-5b46-11ea-9ba3-000d3a38a36f
2169,4aaa8c08-a4dc-11e9-a2fc-000d3a38a36f
2170,375ff8ba-a6a1-11e9-a2fc-000d3a38a36f
2171,9361b87e-f133-11e9-9346-000d3a38a36f
2172,b091933c-e959-11ea-8145-000d3a38a36f
2173,c0d2883a-ccf0-11ea-b1a6-000d3a38a36f
2174,d9fa4272-a446-11e9-a2fc-000d3a38a36f
2175,9df2225c-530c-11ea-acd3-000d3a38a36f
2176,aaf99dbe-2a70-11ea-b3a7-000d3a38a36f
2177,a6f3ff4a-e06d-11e9-957d-000d3a38a36f
2178,c780d8ae-5bd8-11eb-8dbd-000d3a38a36f
2179,8ee32436-5bdc-11ea-8dde-000d3a38a36f
2180,39362650-3f1c-11ea-b794-000d3a38a36f
2181,a28ed2c0-62ce-11ea-9861-000d3a38a36f
2182,6907e53c-316d-11eb-9dc6-000d3a38a36f
2183,5cd03338-5b2a-11ea-a129-000d3a38a36f
2184,7f556c94-13b6-11eb-8ffc-000d3a38a36f
2185,9f2772d4-2824-11ea-a043-000d3a38a36f
2186,17e759ca-a470-11e9-a2fc-000d3a38a36f
2187,7ed9f46c-5b0e-11ea-b41b-000d3a38a36f
2188,e33311e4-5bf1-11ea-a64e-000d3a38a36f
2189,da51bcce-ab89-11e9-a2fc-000d3a38a36f
2190,92eda450-f973-11e9-b138-000d3a38a36f
2191,b0085fcc-5688-11ea-b9b9-000d3a38a36f
2192,22560e6e-a7dc-11e9-a2fc-000d3a38a36f
2193,829e7b22-f5b5-11e9-841e-000d3a38a36f
2194,b2b69b14-e52e-11ea-b769-000d3a38a36f
2195,6f039000-2046-11ea-87bf-000d3a38a36f
2196,df0a5daa-bbb1-11ea-a0c9-000d3a38a36f
2197,81f376de-490f-11ea-b6c0-000d3a38a36f
2198,974791d4-d7a7-11e9-93bc-000d3a38a36f
2199,9f63e7f6-a5a6-11e9-a2fc-000d3a38a36f
2200,1d849cbc-5f1d-11eb-8dbd-000d3a38a36f
2201,20b0ed36-a223-11e9-a2fc-000d3a38a36f
2202,3f83baea-7351-11ea-92d0-000d3a38a36f
2203,64c0509c-1aec-11ea-98d5-000d3a38a36f
2204,24ea9f2c-45da-11ea-a691-000d3a38a36f
2205,92650e9c-c821-11ea-a167-000d3a38a36f
2206,e29cd8d6-5bd9-11ea-a057-000d3a38a36f
2207,80a5c33e-a92f-11e9-a2fc-000d3a38a36f
2208,ffc01688-d643-11e9-93bc-000d3a38a36f
2209,080f81a8-d7d3-11e9-93bc-000d3a38a36f
2210,e73c72c6-d982-11ea-a65b-000d3a38a36f
2211,eab3b29e-fa6b-11e9-b138-000d3a38a36f
2212,6eda0072-f1c5-11ea-bde9-000d3a38a36f
2213,601627f6-6d8e-11eb-99c4-000d3a38a36f
2214,25203836-d67b-11e9-93bc-000d3a38a36f
2215,dad262ce-d72c-11e9-93bc-000d3a38a36f
2216,1fb74efe-54db-11eb-9e65-000d3a38a36f
2217,b9630274-2506-11ea-bf27-000d3a38a36f
2218,33abd046-247c-11ea-a30f-000d3a38a36f
2219,d2db4548-2977-11ea-b87a-000d3a38a36f
2220,25539dbe-2c04-11ea-91ab-000d3a38a36f
2221,f8815d84-5b9d-11ea-a488-000d3a38a36f
2222,d3389d94-230d-11ea-8523-000d3a38a36f
2223,115f855a-5bdb-11ea-8e16-000d3a38a36f
2224,7d59facc-a8e6-11e9-a2fc-000d3a38a36f
2225,46232df8-af80-11e9-a2fc-000d3a38a36f
2226,91de9442-852e-11ea-80af-000d3a38a36f
2227,d4336f1a-a993-11e9-a2fc-000d3a38a36f
2228,d413910c-2739-11eb-8a9b-000d3a38a36f
2229,42fb6be6-a976-11e9-a2fc-000d3a38a36f
2230,e121962c-e482-11ea-b769-000d3a38a36f
2231,51538fca-468d-11ea-b6c0-000d3a38a36f
2232,c36e6408-a1d8-11ea-9c18-000d3a38a36f
2233,f471ef18-e416-11ea-b769-000d3a38a36f
2234,e0e4ee04-12a3-11ea-a001-000d3a38a36f
2235,8754c04e-aaa7-11e9-a2fc-000d3a38a36f
2236,8c1a36d6-29fa-11ea-87cc-000d3a38a36f
2237,e7c57e80-1e9d-11eb-82d1-000d3a38a36f
2238,37b7bac6-a84c-11e9-a2fc-000d3a38a36f
2239,b8d62f64-2778-11eb-8a9b-000d3a38a36f
2240,9335e6e2-7281-11eb-aa44-000d3a38a36f
2241,cf3ec03e-1191-11ea-846f-000d3a38a36f
2242,7fd5e7dc-b0f9-11e9-9757-000d3a38a36f
2243,24037cae-9491-11ea-85df-000d3a38a36f
2244,743ec16e-ede9-11e9-88c1-000d3a38a36f
2245,fe0a7dbc-4fee-11eb-806e-000d3a38a36f
2246,3f764398-9ead-11e9-9897-000d3a38a36f
2247,f6ed23fa-a0a7-11ea-9d0a-000d3a38a36f
2248,b94e4bb0-6a59-11eb-b5d7-000d3a38a36f
2249,e0cce662-a483-11e9-a2fc-000d3a38a36f
2250,59ae4048-b155-11e9-9757-000d3a38a36f
2251,1a5c8f40-cd82-11ea-b1a6-000d3a38a36f
2252,cbdff46e-5b95-11ea-9b3c-000d3a38a36f
2253,5d58c27a-1ad9-11ea-98d5-000d3a38a36f
2254,f72a04fa-66dc-11ea-82da-000d3a38a36f
2255,b4c82d94-50f1-11eb-806e-000d3a38a36f
2256,dfc96774-9d8c-11ea-9bf4-000d3a38a36f
2257,24ba817a-a1bb-11e9-a2fc-000d3a38a36f
2258,6cf821a0-1e2e-11ea-8bf2-000d3a38a36f
2259,51348f24-af63-11e9-a2fc-000d3a38a36f
2260,2994befc-533d-11ea-acd3-000d3a38a36f
2261,98928afc-2465-11ea-a30f-000d3a38a36f
2262,6c2d580a-b4e0-11ea-a78c-000d3a38a36f
2263,1c511e60-5e73-11eb-8dbd-000d3a38a36f
2264,a467c882-98e7-11ea-b97a-000d3a38a36f
2265,fd37faf6-1d7f-11ea-a490-000d3a38a36f
2266,541ddfd8-a987-11e9-a2fc-000d3a38a36f
2267,8c3546be-aa4e-11e9-a2fc-000d3a38a36f
2268,4b0aec18-d6c0-11e9-93bc-000d3a38a36f
2269,5c82357a-1a48-11ea-941b-000d3a38a36f
2270,db3dfe40-ace2-11e9-a2fc-000d3a38a36f
2271,fb2715f4-a164-11e9-a2fc-000d3a38a36f
2272,c488845a-a12e-11e9-a2fc-000d3a38a36f
2273,50dc79f0-491f-11ea-b6c0-000d3a38a36f
2274,27ef5824-66e1-11eb-975c-000d3a38a36f
2275,d966d8d2-af1e-11ea-b736-000d3a38a36f
2276,1fd24bae-53c5-11ea-abe0-000d3a38a36f
2277,68cf9fca-2d89-11eb-8062-000d3a299ebf
2278,177550b0-a3ca-11e9-a2fc-000d3a38a36f
2279,079f310c-d6e6-11e9-93bc-000d3a38a36f
2280,a0047b60-5bd3-11ea-9aae-000d3a38a36f
2281,53edbc6c-622e-11ea-9d1a-000d3a38a36f
2282,c0218a44-b0d6-11e9-9757-000d3a38a36f
2283,ada66b1a-a540-11e9-a2fc-000d3a38a36f
2284,15d4078e-a657-11ea-bd63-000d3a38a36f
2285,7e29a3bc-acdd-11e9-a2fc-000d3a38a36f
2286,f84abc14-b21c-11e9-b5cf-000d3a38a36f
2287,e07956f0-5bf3-11ea-be6b-000d3a38a36f
2288,1bc8c686-7dc9-11ea-80af-000d3a38a36f
2289,d3b8585e-acfc-11e9-a2fc-000d3a38a36f
2290,37651e4c-6197-11ea-8dd8-000d3a38a36f
2291,0bad27e2-51a9-11eb-806e-000d3a38a36f
2292,e1c871d6-609d-11ea-8dd8-000d3a38a36f
2293,1d3d1a7e-9faa-11e9-a2fc-000d3a38a36f
2294,296ac2c4-d64b-11e9-93bc-000d3a38a36f
2295,e55bcd70-abf8-11e9-a2fc-000d3a38a36f
2296,3c2bf5b0-5bb4-11ea-81c0-000d3a38a36f
2297,ec238d4a-242b-11ea-a30f-000d3a38a36f
2298,139d60e6-1f07-11ea-81ff-000d3a38a36f
2299,a1d50bea-5b46-11ea-b5e1-000d3a38a36f
2300,6b0b79f0-45d8-11eb-806e-000d3a38a36f
2301,4eb38320-a691-11e9-a2fc-000d3a38a36f
2302,fc561dfa-d6ff-11e9-93bc-000d3a38a36f
2303,c4b363d4-c6c4-11ea-9d14-000d3a38a36f
2304,e2b60dfe-5bb8-11ea-b045-000d3a38a36f
2305,41402244-e168-11ea-b5cd-000d3a38a36f
2306,597349e4-aac9-11e9-a2fc-000d3a38a36f
2307,7ae52cb8-20da-11eb-b361-000d3a38a36f
2308,b514d468-5b52-11ea-85ca-000d3a38a36f
